This is pdfTeX, Version 3.141592653-2.6-1.40.27 (MiKTeX 25.4) (preloaded format=pdflatex 2025.11.6)  22 DEC 2025 17:44
entering extended mode
 restricted \write18 enabled.
 file:line:error style messages enabled.
 %&-line parsing enabled.
**C:/Users/yekat/Documents/uni/aa/lab7/report/tech_part.tex
(C:/Users/yekat/Documents/uni/aa/lab7/report/tech_part.tex
LaTeX2e <2025-06-01> patch level 1
L3 programming layer <2025-10-09>
C:/Users/yekat/Documents/uni/aa/lab7/report/tech_part.tex:1: Undefined control 
sequence.
l.1 \chapter
            {Технологическая часть}
The control sequence at the end of the top line
of your error message was never \def'ed. If you have
misspelled it (e.g., `\hobx'), type `I' and the correct
spelling (e.g., `I\hbox'). Otherwise just continue,
and I'll forget about whatever was undefined.


C:/Users/yekat/Documents/uni/aa/lab7/report/tech_part.tex:1: LaTeX Error: Unico
de character Т (U+0422)
               not set up for use with LaTeX.

See the LaTeX manual or LaTeX Companion for explanation.
Type  H <return>  for immediate help.
 ...                                              
                                                  
l.1 \chapter{Т
               ехнологическая часть}
You may provide a definition with
\DeclareUnicodeCharacter 


C:/Users/yekat/Documents/uni/aa/lab7/report/tech_part.tex:1: LaTeX Error: Unico
de character е (U+0435)
               not set up for use with LaTeX.

See the LaTeX manual or LaTeX Companion for explanation.
Type  H <return>  for immediate help.
 ...                                              
                                                  
l.1 \chapter{Те
                 хнологическая часть}
You may provide a definition with
\DeclareUnicodeCharacter 


C:/Users/yekat/Documents/uni/aa/lab7/report/tech_part.tex:1: LaTeX Error: Unico
de character х (U+0445)
               not set up for use with LaTeX.

See the LaTeX manual or LaTeX Companion for explanation.
Type  H <return>  for immediate help.
 ...                                              
                                                  
l.1 \chapter{Тех
                   нологическая часть}
You may provide a definition with
\DeclareUnicodeCharacter 


C:/Users/yekat/Documents/uni/aa/lab7/report/tech_part.tex:1: LaTeX Error: Unico
de character н (U+043D)
               not set up for use with LaTeX.

See the LaTeX manual or LaTeX Companion for explanation.
Type  H <return>  for immediate help.
 ...                                              
                                                  
l.1 \chapter{Техн
                     ологическая часть}
You may provide a definition with
\DeclareUnicodeCharacter 


C:/Users/yekat/Documents/uni/aa/lab7/report/tech_part.tex:1: LaTeX Error: Unico
de character о (U+043E)
               not set up for use with LaTeX.

See the LaTeX manual or LaTeX Companion for explanation.
Type  H <return>  for immediate help.
 ...                                              
                                                  
l.1 \chapter{Техно
                       логическая часть}
You may provide a definition with
\DeclareUnicodeCharacter 


C:/Users/yekat/Documents/uni/aa/lab7/report/tech_part.tex:1: LaTeX Error: Unico
de character л (U+043B)
               not set up for use with LaTeX.

See the LaTeX manual or LaTeX Companion for explanation.
Type  H <return>  for immediate help.
 ...                                              
                                                  
l.1 \chapter{Технол
                         огическая часть}
You may provide a definition with
\DeclareUnicodeCharacter 


C:/Users/yekat/Documents/uni/aa/lab7/report/tech_part.tex:1: LaTeX Error: Unico
de character о (U+043E)
               not set up for use with LaTeX.

See the LaTeX manual or LaTeX Companion for explanation.
Type  H <return>  for immediate help.
 ...                                              
                                                  
l.1 \chapter{Техноло
                           гическая часть}
You may provide a definition with
\DeclareUnicodeCharacter 


C:/Users/yekat/Documents/uni/aa/lab7/report/tech_part.tex:1: LaTeX Error: Unico
de character г (U+0433)
               not set up for use with LaTeX.

See the LaTeX manual or LaTeX Companion for explanation.
Type  H <return>  for immediate help.
 ...                                              
                                                  
l.1 \chapter{Технолог
                             ическая часть}
You may provide a definition with
\DeclareUnicodeCharacter 


C:/Users/yekat/Documents/uni/aa/lab7/report/tech_part.tex:1: LaTeX Error: Unico
de character и (U+0438)
               not set up for use with LaTeX.

See the LaTeX manual or LaTeX Companion for explanation.
Type  H <return>  for immediate help.
 ...                                              
                                                  
l.1 \chapter{Технологи
                               ческая часть}
You may provide a definition with
\DeclareUnicodeCharacter 


C:/Users/yekat/Documents/uni/aa/lab7/report/tech_part.tex:1: LaTeX Error: Unico
de character ч (U+0447)
               not set up for use with LaTeX.

See the LaTeX manual or LaTeX Companion for explanation.
Type  H <return>  for immediate help.
 ...                                              
                                                  
l.1 \chapter{Технологич
                                 еская часть}
You may provide a definition with
\DeclareUnicodeCharacter 


C:/Users/yekat/Documents/uni/aa/lab7/report/tech_part.tex:1: LaTeX Error: Unico
de character е (U+0435)
               not set up for use with LaTeX.

See the LaTeX manual or LaTeX Companion for explanation.
Type  H <return>  for immediate help.
 ...                                              
                                                  
l.1 \chapter{Технологиче
                                   ская часть}
You may provide a definition with
\DeclareUnicodeCharacter 


C:/Users/yekat/Documents/uni/aa/lab7/report/tech_part.tex:1: LaTeX Error: Unico
de character с (U+0441)
               not set up for use with LaTeX.

See the LaTeX manual or LaTeX Companion for explanation.
Type  H <return>  for immediate help.
 ...                                              
                                                  
l.1 \chapter{Технологичес
                                     кая часть}
You may provide a definition with
\DeclareUnicodeCharacter 


C:/Users/yekat/Documents/uni/aa/lab7/report/tech_part.tex:1: LaTeX Error: Unico
de character к (U+043A)
               not set up for use with LaTeX.

See the LaTeX manual or LaTeX Companion for explanation.
Type  H <return>  for immediate help.
 ...                                              
                                                  
l.1 \chapter{Технологическ
                                       ая часть}
You may provide a definition with
\DeclareUnicodeCharacter 


C:/Users/yekat/Documents/uni/aa/lab7/report/tech_part.tex:1: LaTeX Error: Unico
de character а (U+0430)
               not set up for use with LaTeX.

See the LaTeX manual or LaTeX Companion for explanation.
Type  H <return>  for immediate help.
 ...                                              
                                                  
l.1 \chapter{Технологическа
                                         я часть}
You may provide a definition with
\DeclareUnicodeCharacter 


C:/Users/yekat/Documents/uni/aa/lab7/report/tech_part.tex:1: LaTeX Error: Unico
de character я (U+044F)
               not set up for use with LaTeX.

See the LaTeX manual or LaTeX Companion for explanation.
Type  H <return>  for immediate help.
 ...                                              
                                                  
l.1 \chapter{Технологическая
                                            часть}
You may provide a definition with
\DeclareUnicodeCharacter 


C:/Users/yekat/Documents/uni/aa/lab7/report/tech_part.tex:1: LaTeX Error: Unico
de character ч (U+0447)
               not set up for use with LaTeX.

See the LaTeX manual or LaTeX Companion for explanation.
Type  H <return>  for immediate help.
 ...                                              
                                                  
l.1 \chapter{Технологическая ч
                                              асть}
You may provide a definition with
\DeclareUnicodeCharacter 


C:/Users/yekat/Documents/uni/aa/lab7/report/tech_part.tex:1: LaTeX Error: Unico
de character а (U+0430)
               not set up for use with LaTeX.

See the LaTeX manual or LaTeX Companion for explanation.
Type  H <return>  for immediate help.
 ...                                              
                                                  
l.1 \chapter{Технологическая ча
                                                сть}
You may provide a definition with
\DeclareUnicodeCharacter 


C:/Users/yekat/Documents/uni/aa/lab7/report/tech_part.tex:1: LaTeX Error: Unico
de character с (U+0441)
               not set up for use with LaTeX.

See the LaTeX manual or LaTeX Companion for explanation.
Type  H <return>  for immediate help.
 ...                                              
                                                  
l.1 \chapter{Технологическая час
                                                  ть}
You may provide a definition with
\DeclareUnicodeCharacter 


C:/Users/yekat/Documents/uni/aa/lab7/report/tech_part.tex:1: LaTeX Error: Unico
de character т (U+0442)
               not set up for use with LaTeX.

See the LaTeX manual or LaTeX Companion for explanation.
Type  H <return>  for immediate help.
 ...                                              
                                                  
l.1 ...ter{Технологическая част
                                                  ь}
You may provide a definition with
\DeclareUnicodeCharacter 


C:/Users/yekat/Documents/uni/aa/lab7/report/tech_part.tex:1: LaTeX Error: Unico
de character ь (U+044C)
               not set up for use with LaTeX.

See the LaTeX manual or LaTeX Companion for explanation.
Type  H <return>  for immediate help.
 ...                                              
                                                  
l.1 ...r{Технологическая часть
                                                  }
You may provide a definition with
\DeclareUnicodeCharacter 

C:/Users/yekat/Documents/uni/aa/lab7/report/tech_part.tex:3: Undefined control 
sequence.
l.3 \section
            {Реализация алгоритмов}
The control sequence at the end of the top line
of your error message was never \def'ed. If you have
misspelled it (e.g., `\hobx'), type `I' and the correct
spelling (e.g., `I\hbox'). Otherwise just continue,
and I'll forget about whatever was undefined.


C:/Users/yekat/Documents/uni/aa/lab7/report/tech_part.tex:3: LaTeX Error: Unico
de character Р (U+0420)
               not set up for use with LaTeX.

See the LaTeX manual or LaTeX Companion for explanation.
Type  H <return>  for immediate help.
 ...                                              
                                                  
l.3 \section{Р
               еализация алгоритмов}
You may provide a definition with
\DeclareUnicodeCharacter 


C:/Users/yekat/Documents/uni/aa/lab7/report/tech_part.tex:3: LaTeX Error: Unico
de character е (U+0435)
               not set up for use with LaTeX.

See the LaTeX manual or LaTeX Companion for explanation.
Type  H <return>  for immediate help.
 ...                                              
                                                  
l.3 \section{Ре
                 ализация алгоритмов}
You may provide a definition with
\DeclareUnicodeCharacter 


C:/Users/yekat/Documents/uni/aa/lab7/report/tech_part.tex:3: LaTeX Error: Unico
de character а (U+0430)
               not set up for use with LaTeX.

See the LaTeX manual or LaTeX Companion for explanation.
Type  H <return>  for immediate help.
 ...                                              
                                                  
l.3 \section{Реа
                   лизация алгоритмов}
You may provide a definition with
\DeclareUnicodeCharacter 


C:/Users/yekat/Documents/uni/aa/lab7/report/tech_part.tex:3: LaTeX Error: Unico
de character л (U+043B)
               not set up for use with LaTeX.

See the LaTeX manual or LaTeX Companion for explanation.
Type  H <return>  for immediate help.
 ...                                              
                                                  
l.3 \section{Реал
                     изация алгоритмов}
You may provide a definition with
\DeclareUnicodeCharacter 


C:/Users/yekat/Documents/uni/aa/lab7/report/tech_part.tex:3: LaTeX Error: Unico
de character и (U+0438)
               not set up for use with LaTeX.

See the LaTeX manual or LaTeX Companion for explanation.
Type  H <return>  for immediate help.
 ...                                              
                                                  
l.3 \section{Реали
                       зация алгоритмов}
You may provide a definition with
\DeclareUnicodeCharacter 


C:/Users/yekat/Documents/uni/aa/lab7/report/tech_part.tex:3: LaTeX Error: Unico
de character з (U+0437)
               not set up for use with LaTeX.

See the LaTeX manual or LaTeX Companion for explanation.
Type  H <return>  for immediate help.
 ...                                              
                                                  
l.3 \section{Реализ
                         ация алгоритмов}
You may provide a definition with
\DeclareUnicodeCharacter 


C:/Users/yekat/Documents/uni/aa/lab7/report/tech_part.tex:3: LaTeX Error: Unico
de character а (U+0430)
               not set up for use with LaTeX.

See the LaTeX manual or LaTeX Companion for explanation.
Type  H <return>  for immediate help.
 ...                                              
                                                  
l.3 \section{Реализа
                           ция алгоритмов}
You may provide a definition with
\DeclareUnicodeCharacter 


C:/Users/yekat/Documents/uni/aa/lab7/report/tech_part.tex:3: LaTeX Error: Unico
de character ц (U+0446)
               not set up for use with LaTeX.

See the LaTeX manual or LaTeX Companion for explanation.
Type  H <return>  for immediate help.
 ...                                              
                                                  
l.3 \section{Реализац
                             ия алгоритмов}
You may provide a definition with
\DeclareUnicodeCharacter 


C:/Users/yekat/Documents/uni/aa/lab7/report/tech_part.tex:3: LaTeX Error: Unico
de character и (U+0438)
               not set up for use with LaTeX.

See the LaTeX manual or LaTeX Companion for explanation.
Type  H <return>  for immediate help.
 ...                                              
                                                  
l.3 \section{Реализаци
                               я алгоритмов}
You may provide a definition with
\DeclareUnicodeCharacter 


C:/Users/yekat/Documents/uni/aa/lab7/report/tech_part.tex:3: LaTeX Error: Unico
de character я (U+044F)
               not set up for use with LaTeX.

See the LaTeX manual or LaTeX Companion for explanation.
Type  H <return>  for immediate help.
 ...                                              
                                                  
l.3 \section{Реализация
                                  алгоритмов}
You may provide a definition with
\DeclareUnicodeCharacter 


C:/Users/yekat/Documents/uni/aa/lab7/report/tech_part.tex:3: LaTeX Error: Unico
de character а (U+0430)
               not set up for use with LaTeX.

See the LaTeX manual or LaTeX Companion for explanation.
Type  H <return>  for immediate help.
 ...                                              
                                                  
l.3 \section{Реализация а
                                    лгоритмов}
You may provide a definition with
\DeclareUnicodeCharacter 


C:/Users/yekat/Documents/uni/aa/lab7/report/tech_part.tex:3: LaTeX Error: Unico
de character л (U+043B)
               not set up for use with LaTeX.

See the LaTeX manual or LaTeX Companion for explanation.
Type  H <return>  for immediate help.
 ...                                              
                                                  
l.3 \section{Реализация ал
                                      горитмов}
You may provide a definition with
\DeclareUnicodeCharacter 


C:/Users/yekat/Documents/uni/aa/lab7/report/tech_part.tex:3: LaTeX Error: Unico
de character г (U+0433)
               not set up for use with LaTeX.

See the LaTeX manual or LaTeX Companion for explanation.
Type  H <return>  for immediate help.
 ...                                              
                                                  
l.3 \section{Реализация алг
                                        оритмов}
You may provide a definition with
\DeclareUnicodeCharacter 


C:/Users/yekat/Documents/uni/aa/lab7/report/tech_part.tex:3: LaTeX Error: Unico
de character о (U+043E)
               not set up for use with LaTeX.

See the LaTeX manual or LaTeX Companion for explanation.
Type  H <return>  for immediate help.
 ...                                              
                                                  
l.3 \section{Реализация алго
                                          ритмов}
You may provide a definition with
\DeclareUnicodeCharacter 


C:/Users/yekat/Documents/uni/aa/lab7/report/tech_part.tex:3: LaTeX Error: Unico
de character р (U+0440)
               not set up for use with LaTeX.

See the LaTeX manual or LaTeX Companion for explanation.
Type  H <return>  for immediate help.
 ...                                              
                                                  
l.3 \section{Реализация алгор
                                            итмов}
You may provide a definition with
\DeclareUnicodeCharacter 


C:/Users/yekat/Documents/uni/aa/lab7/report/tech_part.tex:3: LaTeX Error: Unico
de character и (U+0438)
               not set up for use with LaTeX.

See the LaTeX manual or LaTeX Companion for explanation.
Type  H <return>  for immediate help.
 ...                                              
                                                  
l.3 \section{Реализация алгори
                                              тмов}
You may provide a definition with
\DeclareUnicodeCharacter 


C:/Users/yekat/Documents/uni/aa/lab7/report/tech_part.tex:3: LaTeX Error: Unico
de character т (U+0442)
               not set up for use with LaTeX.

See the LaTeX manual or LaTeX Companion for explanation.
Type  H <return>  for immediate help.
 ...                                              
                                                  
l.3 \section{Реализация алгорит
                                                мов}
You may provide a definition with
\DeclareUnicodeCharacter 


C:/Users/yekat/Documents/uni/aa/lab7/report/tech_part.tex:3: LaTeX Error: Unico
de character м (U+043C)
               not set up for use with LaTeX.

See the LaTeX manual or LaTeX Companion for explanation.
Type  H <return>  for immediate help.
 ...                                              
                                                  
l.3 \section{Реализация алгоритм
                                                  ов}
You may provide a definition with
\DeclareUnicodeCharacter 


C:/Users/yekat/Documents/uni/aa/lab7/report/tech_part.tex:3: LaTeX Error: Unico
de character о (U+043E)
               not set up for use with LaTeX.

See the LaTeX manual or LaTeX Companion for explanation.
Type  H <return>  for immediate help.
 ...                                              
                                                  
l.3 ...ion{Реализация алгоритмо
                                                  в}
You may provide a definition with
\DeclareUnicodeCharacter 


C:/Users/yekat/Documents/uni/aa/lab7/report/tech_part.tex:3: LaTeX Error: Unico
de character в (U+0432)
               not set up for use with LaTeX.

See the LaTeX manual or LaTeX Companion for explanation.
Type  H <return>  for immediate help.
 ...                                              
                                                  
l.3 ...n{Реализация алгоритмов
                                                  }
You may provide a definition with
\DeclareUnicodeCharacter 

C:/Users/yekat/Documents/uni/aa/lab7/report/tech_part.tex:5: Undefined control 
sequence.
l.5 \lstinputlisting
                    [firstline=, lastline=, style=cpp]{../code/c1.py}
The control sequence at the end of the top line
of your error message was never \def'ed. If you have
misspelled it (e.g., `\hobx'), type `I' and the correct
spelling (e.g., `I\hbox'). Otherwise just continue,
and I'll forget about whatever was undefined.


C:/Users/yekat/Documents/uni/aa/lab7/report/tech_part.tex:5: LaTeX Error: Missi
ng \begin{document}.

See the LaTeX manual or LaTeX Companion for explanation.
Type  H <return>  for immediate help.
 ...                                              
                                                  
l.5 \lstinputlisting[
                     firstline=, lastline=, style=cpp]{../code/c1.py}
You're in trouble here.  Try typing  <return>  to proceed.
If that doesn't work, type  X <return>  to quit.

Missing character: There is no [ in font nullfont!
Missing character: There is no f in font nullfont!
Missing character: There is no i in font nullfont!
Missing character: There is no r in font nullfont!
Missing character: There is no s in font nullfont!
Missing character: There is no t in font nullfont!
Missing character: There is no l in font nullfont!
Missing character: There is no i in font nullfont!
Missing character: There is no n in font nullfont!
Missing character: There is no e in font nullfont!
Missing character: There is no = in font nullfont!
Missing character: There is no , in font nullfont!
Missing character: There is no l in font nullfont!
Missing character: There is no a in font nullfont!
Missing character: There is no s in font nullfont!
Missing character: There is no t in font nullfont!
Missing character: There is no l in font nullfont!
Missing character: There is no i in font nullfont!
Missing character: There is no n in font nullfont!
Missing character: There is no e in font nullfont!
Missing character: There is no = in font nullfont!
Missing character: There is no , in font nullfont!
Missing character: There is no s in font nullfont!
Missing character: There is no t in font nullfont!
Missing character: There is no y in font nullfont!
Missing character: There is no l in font nullfont!
Missing character: There is no e in font nullfont!
Missing character: There is no = in font nullfont!
Missing character: There is no c in font nullfont!
Missing character: There is no p in font nullfont!
Missing character: There is no p in font nullfont!
Missing character: There is no ] in font nullfont!
Missing character: There is no . in font nullfont!
Missing character: There is no . in font nullfont!
Missing character: There is no / in font nullfont!
Missing character: There is no c in font nullfont!
Missing character: There is no o in font nullfont!
Missing character: There is no d in font nullfont!
Missing character: There is no e in font nullfont!
Missing character: There is no / in font nullfont!
Missing character: There is no c in font nullfont!
Missing character: There is no 1 in font nullfont!
Missing character: There is no . in font nullfont!
Missing character: There is no p in font nullfont!
Missing character: There is no y in font nullfont!

C:/Users/yekat/Documents/uni/aa/lab7/report/tech_part.tex:6: LaTeX Error: Unico
de character Л (U+041B)
               not set up for use with LaTeX.

See the LaTeX manual or LaTeX Companion for explanation.
Type  H <return>  for immediate help.
 ...                                              
                                                  
l.6 Л
      истинг 1 -- qwen3-coder.
You may provide a definition with
\DeclareUnicodeCharacter 


C:/Users/yekat/Documents/uni/aa/lab7/report/tech_part.tex:6: LaTeX Error: Unico
de character и (U+0438)
               not set up for use with LaTeX.

See the LaTeX manual or LaTeX Companion for explanation.
Type  H <return>  for immediate help.
 ...                                              
                                                  
l.6 Ли
        стинг 1 -- qwen3-coder.
You may provide a definition with
\DeclareUnicodeCharacter 


C:/Users/yekat/Documents/uni/aa/lab7/report/tech_part.tex:6: LaTeX Error: Unico
de character с (U+0441)
               not set up for use with LaTeX.

See the LaTeX manual or LaTeX Companion for explanation.
Type  H <return>  for immediate help.
 ...                                              
                                                  
l.6 Лис
          тинг 1 -- qwen3-coder.
You may provide a definition with
\DeclareUnicodeCharacter 


C:/Users/yekat/Documents/uni/aa/lab7/report/tech_part.tex:6: LaTeX Error: Unico
de character т (U+0442)
               not set up for use with LaTeX.

See the LaTeX manual or LaTeX Companion for explanation.
Type  H <return>  for immediate help.
 ...                                              
                                                  
l.6 Лист
            инг 1 -- qwen3-coder.
You may provide a definition with
\DeclareUnicodeCharacter 


C:/Users/yekat/Documents/uni/aa/lab7/report/tech_part.tex:6: LaTeX Error: Unico
de character и (U+0438)
               not set up for use with LaTeX.

See the LaTeX manual or LaTeX Companion for explanation.
Type  H <return>  for immediate help.
 ...                                              
                                                  
l.6 Листи
              нг 1 -- qwen3-coder.
You may provide a definition with
\DeclareUnicodeCharacter 


C:/Users/yekat/Documents/uni/aa/lab7/report/tech_part.tex:6: LaTeX Error: Unico
de character н (U+043D)
               not set up for use with LaTeX.

See the LaTeX manual or LaTeX Companion for explanation.
Type  H <return>  for immediate help.
 ...                                              
                                                  
l.6 Листин
                г 1 -- qwen3-coder.
You may provide a definition with
\DeclareUnicodeCharacter 


C:/Users/yekat/Documents/uni/aa/lab7/report/tech_part.tex:6: LaTeX Error: Unico
de character г (U+0433)
               not set up for use with LaTeX.

See the LaTeX manual or LaTeX Companion for explanation.
Type  H <return>  for immediate help.
 ...                                              
                                                  
l.6 Листинг
                   1 -- qwen3-coder.
You may provide a definition with
\DeclareUnicodeCharacter 

Missing character: There is no 1 in font nullfont!
Missing character: There is no - in font nullfont!
Missing character: There is no - in font nullfont!
Missing character: There is no q in font nullfont!
Missing character: There is no w in font nullfont!
Missing character: There is no e in font nullfont!
Missing character: There is no n in font nullfont!
Missing character: There is no 3 in font nullfont!
Missing character: There is no - in font nullfont!
Missing character: There is no c in font nullfont!
Missing character: There is no o in font nullfont!
Missing character: There is no d in font nullfont!
Missing character: There is no e in font nullfont!
Missing character: There is no r in font nullfont!
Missing character: There is no . in font nullfont!

Overfull \hbox (20.0pt too wide) in paragraph at lines 5--7
[]
 []

C:/Users/yekat/Documents/uni/aa/lab7/report/tech_part.tex:8: Undefined control 
sequence.
l.8 \lstinputlisting
                    [firstline=, lastline=, style=cpp]{../code/c2.py}
The control sequence at the end of the top line
of your error message was never \def'ed. If you have
misspelled it (e.g., `\hobx'), type `I' and the correct
spelling (e.g., `I\hbox'). Otherwise just continue,
and I'll forget about whatever was undefined.


C:/Users/yekat/Documents/uni/aa/lab7/report/tech_part.tex:8: LaTeX Error: Missi
ng \begin{document}.

See the LaTeX manual or LaTeX Companion for explanation.
Type  H <return>  for immediate help.
 ...                                              
                                                  
l.8 \lstinputlisting[
                     firstline=, lastline=, style=cpp]{../code/c2.py}
You're in trouble here.  Try typing  <return>  to proceed.
If that doesn't work, type  X <return>  to quit.

Missing character: There is no [ in font nullfont!
Missing character: There is no f in font nullfont!
Missing character: There is no i in font nullfont!
Missing character: There is no r in font nullfont!
Missing character: There is no s in font nullfont!
Missing character: There is no t in font nullfont!
Missing character: There is no l in font nullfont!
Missing character: There is no i in font nullfont!
Missing character: There is no n in font nullfont!
Missing character: There is no e in font nullfont!
Missing character: There is no = in font nullfont!
Missing character: There is no , in font nullfont!
Missing character: There is no l in font nullfont!
Missing character: There is no a in font nullfont!
Missing character: There is no s in font nullfont!
Missing character: There is no t in font nullfont!
Missing character: There is no l in font nullfont!
Missing character: There is no i in font nullfont!
Missing character: There is no n in font nullfont!
Missing character: There is no e in font nullfont!
Missing character: There is no = in font nullfont!
Missing character: There is no , in font nullfont!
Missing character: There is no s in font nullfont!
Missing character: There is no t in font nullfont!
Missing character: There is no y in font nullfont!
Missing character: There is no l in font nullfont!
Missing character: There is no e in font nullfont!
Missing character: There is no = in font nullfont!
Missing character: There is no c in font nullfont!
Missing character: There is no p in font nullfont!
Missing character: There is no p in font nullfont!
Missing character: There is no ] in font nullfont!
Missing character: There is no . in font nullfont!
Missing character: There is no . in font nullfont!
Missing character: There is no / in font nullfont!
Missing character: There is no c in font nullfont!
Missing character: There is no o in font nullfont!
Missing character: There is no d in font nullfont!
Missing character: There is no e in font nullfont!
Missing character: There is no / in font nullfont!
Missing character: There is no c in font nullfont!
Missing character: There is no 2 in font nullfont!
Missing character: There is no . in font nullfont!
Missing character: There is no p in font nullfont!
Missing character: There is no y in font nullfont!

C:/Users/yekat/Documents/uni/aa/lab7/report/tech_part.tex:9: LaTeX Error: Unico
de character Л (U+041B)
               not set up for use with LaTeX.

See the LaTeX manual or LaTeX Companion for explanation.
Type  H <return>  for immediate help.
 ...                                              
                                                  
l.9 Л
      истинг 2 -- devstral-2.
You may provide a definition with
\DeclareUnicodeCharacter 


C:/Users/yekat/Documents/uni/aa/lab7/report/tech_part.tex:9: LaTeX Error: Unico
de character и (U+0438)
               not set up for use with LaTeX.

See the LaTeX manual or LaTeX Companion for explanation.
Type  H <return>  for immediate help.
 ...                                              
                                                  
l.9 Ли
        стинг 2 -- devstral-2.
You may provide a definition with
\DeclareUnicodeCharacter 


C:/Users/yekat/Documents/uni/aa/lab7/report/tech_part.tex:9: LaTeX Error: Unico
de character с (U+0441)
               not set up for use with LaTeX.

See the LaTeX manual or LaTeX Companion for explanation.
Type  H <return>  for immediate help.
 ...                                              
                                                  
l.9 Лис
          тинг 2 -- devstral-2.
You may provide a definition with
\DeclareUnicodeCharacter 


C:/Users/yekat/Documents/uni/aa/lab7/report/tech_part.tex:9: LaTeX Error: Unico
de character т (U+0442)
               not set up for use with LaTeX.

See the LaTeX manual or LaTeX Companion for explanation.
Type  H <return>  for immediate help.
 ...                                              
                                                  
l.9 Лист
            инг 2 -- devstral-2.
You may provide a definition with
\DeclareUnicodeCharacter 


C:/Users/yekat/Documents/uni/aa/lab7/report/tech_part.tex:9: LaTeX Error: Unico
de character и (U+0438)
               not set up for use with LaTeX.

See the LaTeX manual or LaTeX Companion for explanation.
Type  H <return>  for immediate help.
 ...                                              
                                                  
l.9 Листи
              нг 2 -- devstral-2.
You may provide a definition with
\DeclareUnicodeCharacter 


C:/Users/yekat/Documents/uni/aa/lab7/report/tech_part.tex:9: LaTeX Error: Unico
de character н (U+043D)
               not set up for use with LaTeX.

See the LaTeX manual or LaTeX Companion for explanation.
Type  H <return>  for immediate help.
 ...                                              
                                                  
l.9 Листин
                г 2 -- devstral-2.
You may provide a definition with
\DeclareUnicodeCharacter 


C:/Users/yekat/Documents/uni/aa/lab7/report/tech_part.tex:9: LaTeX Error: Unico
de character г (U+0433)
               not set up for use with LaTeX.

See the LaTeX manual or LaTeX Companion for explanation.
Type  H <return>  for immediate help.
 ...                                              
                                                  
l.9 Листинг
                   2 -- devstral-2.
You may provide a definition with
\DeclareUnicodeCharacter 

Missing character: There is no 2 in font nullfont!
Missing character: There is no - in font nullfont!
Missing character: There is no - in font nullfont!
Missing character: There is no d in font nullfont!
Missing character: There is no e in font nullfont!
Missing character: There is no v in font nullfont!
Missing character: There is no s in font nullfont!
Missing character: There is no t in font nullfont!
Missing character: There is no r in font nullfont!
Missing character: There is no a in font nullfont!
Missing character: There is no l in font nullfont!
Missing character: There is no - in font nullfont!
Missing character: There is no 2 in font nullfont!
Missing character: There is no . in font nullfont!

Overfull \hbox (20.0pt too wide) in paragraph at lines 8--10
[]
 []

C:/Users/yekat/Documents/uni/aa/lab7/report/tech_part.tex:11: Undefined control
 sequence.
l.11 \lstinputlisting
                     [firstline=, lastline=, style=cpp]{../code/c3.py}
The control sequence at the end of the top line
of your error message was never \def'ed. If you have
misspelled it (e.g., `\hobx'), type `I' and the correct
spelling (e.g., `I\hbox'). Otherwise just continue,
and I'll forget about whatever was undefined.


C:/Users/yekat/Documents/uni/aa/lab7/report/tech_part.tex:11: LaTeX Error: Miss
ing \begin{document}.

See the LaTeX manual or LaTeX Companion for explanation.
Type  H <return>  for immediate help.
 ...                                              
                                                  
l.11 \lstinputlisting[
                      firstline=, lastline=, style=cpp]{../code/c3.py}
You're in trouble here.  Try typing  <return>  to proceed.
If that doesn't work, type  X <return>  to quit.

Missing character: There is no [ in font nullfont!
Missing character: There is no f in font nullfont!
Missing character: There is no i in font nullfont!
Missing character: There is no r in font nullfont!
Missing character: There is no s in font nullfont!
Missing character: There is no t in font nullfont!
Missing character: There is no l in font nullfont!
Missing character: There is no i in font nullfont!
Missing character: There is no n in font nullfont!
Missing character: There is no e in font nullfont!
Missing character: There is no = in font nullfont!
Missing character: There is no , in font nullfont!
Missing character: There is no l in font nullfont!
Missing character: There is no a in font nullfont!
Missing character: There is no s in font nullfont!
Missing character: There is no t in font nullfont!
Missing character: There is no l in font nullfont!
Missing character: There is no i in font nullfont!
Missing character: There is no n in font nullfont!
Missing character: There is no e in font nullfont!
Missing character: There is no = in font nullfont!
Missing character: There is no , in font nullfont!
Missing character: There is no s in font nullfont!
Missing character: There is no t in font nullfont!
Missing character: There is no y in font nullfont!
Missing character: There is no l in font nullfont!
Missing character: There is no e in font nullfont!
Missing character: There is no = in font nullfont!
Missing character: There is no c in font nullfont!
Missing character: There is no p in font nullfont!
Missing character: There is no p in font nullfont!
Missing character: There is no ] in font nullfont!
Missing character: There is no . in font nullfont!
Missing character: There is no . in font nullfont!
Missing character: There is no / in font nullfont!
Missing character: There is no c in font nullfont!
Missing character: There is no o in font nullfont!
Missing character: There is no d in font nullfont!
Missing character: There is no e in font nullfont!
Missing character: There is no / in font nullfont!
Missing character: There is no c in font nullfont!
Missing character: There is no 3 in font nullfont!
Missing character: There is no . in font nullfont!
Missing character: There is no p in font nullfont!
Missing character: There is no y in font nullfont!

C:/Users/yekat/Documents/uni/aa/lab7/report/tech_part.tex:12: LaTeX Error: Unic
ode character Л (U+041B)
               not set up for use with LaTeX.

See the LaTeX manual or LaTeX Companion for explanation.
Type  H <return>  for immediate help.
 ...                                              
                                                  
l.12 Л
       истинг 3 -- cogito-2.1.
You may provide a definition with
\DeclareUnicodeCharacter 


C:/Users/yekat/Documents/uni/aa/lab7/report/tech_part.tex:12: LaTeX Error: Unic
ode character и (U+0438)
               not set up for use with LaTeX.

See the LaTeX manual or LaTeX Companion for explanation.
Type  H <return>  for immediate help.
 ...                                              
                                                  
l.12 Ли
         стинг 3 -- cogito-2.1.
You may provide a definition with
\DeclareUnicodeCharacter 


C:/Users/yekat/Documents/uni/aa/lab7/report/tech_part.tex:12: LaTeX Error: Unic
ode character с (U+0441)
               not set up for use with LaTeX.

See the LaTeX manual or LaTeX Companion for explanation.
Type  H <return>  for immediate help.
 ...                                              
                                                  
l.12 Лис
           тинг 3 -- cogito-2.1.
You may provide a definition with
\DeclareUnicodeCharacter 


C:/Users/yekat/Documents/uni/aa/lab7/report/tech_part.tex:12: LaTeX Error: Unic
ode character т (U+0442)
               not set up for use with LaTeX.

See the LaTeX manual or LaTeX Companion for explanation.
Type  H <return>  for immediate help.
 ...                                              
                                                  
l.12 Лист
             инг 3 -- cogito-2.1.
You may provide a definition with
\DeclareUnicodeCharacter 


C:/Users/yekat/Documents/uni/aa/lab7/report/tech_part.tex:12: LaTeX Error: Unic
ode character и (U+0438)
               not set up for use with LaTeX.

See the LaTeX manual or LaTeX Companion for explanation.
Type  H <return>  for immediate help.
 ...                                              
                                                  
l.12 Листи
               нг 3 -- cogito-2.1.
You may provide a definition with
\DeclareUnicodeCharacter 


C:/Users/yekat/Documents/uni/aa/lab7/report/tech_part.tex:12: LaTeX Error: Unic
ode character н (U+043D)
               not set up for use with LaTeX.

See the LaTeX manual or LaTeX Companion for explanation.
Type  H <return>  for immediate help.
 ...                                              
                                                  
l.12 Листин
                 г 3 -- cogito-2.1.
You may provide a definition with
\DeclareUnicodeCharacter 


C:/Users/yekat/Documents/uni/aa/lab7/report/tech_part.tex:12: LaTeX Error: Unic
ode character г (U+0433)
               not set up for use with LaTeX.

See the LaTeX manual or LaTeX Companion for explanation.
Type  H <return>  for immediate help.
 ...                                              
                                                  
l.12 Листинг
                    3 -- cogito-2.1.
You may provide a definition with
\DeclareUnicodeCharacter 

Missing character: There is no 3 in font nullfont!
Missing character: There is no - in font nullfont!
Missing character: There is no - in font nullfont!
Missing character: There is no c in font nullfont!
Missing character: There is no o in font nullfont!
Missing character: There is no g in font nullfont!
Missing character: There is no i in font nullfont!
Missing character: There is no t in font nullfont!
Missing character: There is no o in font nullfont!
Missing character: There is no - in font nullfont!
Missing character: There is no 2 in font nullfont!
Missing character: There is no . in font nullfont!
Missing character: There is no 1 in font nullfont!
Missing character: There is no . in font nullfont!

Overfull \hbox (20.0pt too wide) in paragraph at lines 11--13
[]
 []

C:/Users/yekat/Documents/uni/aa/lab7/report/tech_part.tex:14: Undefined control
 sequence.
l.14 \lstinputlisting
                     [firstline=, lastline=, style=cpp]{../code/c4.py}
The control sequence at the end of the top line
of your error message was never \def'ed. If you have
misspelled it (e.g., `\hobx'), type `I' and the correct
spelling (e.g., `I\hbox'). Otherwise just continue,
and I'll forget about whatever was undefined.


C:/Users/yekat/Documents/uni/aa/lab7/report/tech_part.tex:14: LaTeX Error: Miss
ing \begin{document}.

See the LaTeX manual or LaTeX Companion for explanation.
Type  H <return>  for immediate help.
 ...                                              
                                                  
l.14 \lstinputlisting[
                      firstline=, lastline=, style=cpp]{../code/c4.py}
You're in trouble here.  Try typing  <return>  to proceed.
If that doesn't work, type  X <return>  to quit.

Missing character: There is no [ in font nullfont!
Missing character: There is no f in font nullfont!
Missing character: There is no i in font nullfont!
Missing character: There is no r in font nullfont!
Missing character: There is no s in font nullfont!
Missing character: There is no t in font nullfont!
Missing character: There is no l in font nullfont!
Missing character: There is no i in font nullfont!
Missing character: There is no n in font nullfont!
Missing character: There is no e in font nullfont!
Missing character: There is no = in font nullfont!
Missing character: There is no , in font nullfont!
Missing character: There is no l in font nullfont!
Missing character: There is no a in font nullfont!
Missing character: There is no s in font nullfont!
Missing character: There is no t in font nullfont!
Missing character: There is no l in font nullfont!
Missing character: There is no i in font nullfont!
Missing character: There is no n in font nullfont!
Missing character: There is no e in font nullfont!
Missing character: There is no = in font nullfont!
Missing character: There is no , in font nullfont!
Missing character: There is no s in font nullfont!
Missing character: There is no t in font nullfont!
Missing character: There is no y in font nullfont!
Missing character: There is no l in font nullfont!
Missing character: There is no e in font nullfont!
Missing character: There is no = in font nullfont!
Missing character: There is no c in font nullfont!
Missing character: There is no p in font nullfont!
Missing character: There is no p in font nullfont!
Missing character: There is no ] in font nullfont!
Missing character: There is no . in font nullfont!
Missing character: There is no . in font nullfont!
Missing character: There is no / in font nullfont!
Missing character: There is no c in font nullfont!
Missing character: There is no o in font nullfont!
Missing character: There is no d in font nullfont!
Missing character: There is no e in font nullfont!
Missing character: There is no / in font nullfont!
Missing character: There is no c in font nullfont!
Missing character: There is no 4 in font nullfont!
Missing character: There is no . in font nullfont!
Missing character: There is no p in font nullfont!
Missing character: There is no y in font nullfont!

C:/Users/yekat/Documents/uni/aa/lab7/report/tech_part.tex:15: LaTeX Error: Unic
ode character Л (U+041B)
               not set up for use with LaTeX.

See the LaTeX manual or LaTeX Companion for explanation.
Type  H <return>  for immediate help.
 ...                                              
                                                  
l.15 Л
       истинг 4 -- gemma3.
You may provide a definition with
\DeclareUnicodeCharacter 


C:/Users/yekat/Documents/uni/aa/lab7/report/tech_part.tex:15: LaTeX Error: Unic
ode character и (U+0438)
               not set up for use with LaTeX.

See the LaTeX manual or LaTeX Companion for explanation.
Type  H <return>  for immediate help.
 ...                                              
                                                  
l.15 Ли
         стинг 4 -- gemma3.
You may provide a definition with
\DeclareUnicodeCharacter 


C:/Users/yekat/Documents/uni/aa/lab7/report/tech_part.tex:15: LaTeX Error: Unic
ode character с (U+0441)
               not set up for use with LaTeX.

See the LaTeX manual or LaTeX Companion for explanation.
Type  H <return>  for immediate help.
 ...                                              
                                                  
l.15 Лис
           тинг 4 -- gemma3.
You may provide a definition with
\DeclareUnicodeCharacter 


C:/Users/yekat/Documents/uni/aa/lab7/report/tech_part.tex:15: LaTeX Error: Unic
ode character т (U+0442)
               not set up for use with LaTeX.

See the LaTeX manual or LaTeX Companion for explanation.
Type  H <return>  for immediate help.
 ...                                              
                                                  
l.15 Лист
             инг 4 -- gemma3.
You may provide a definition with
\DeclareUnicodeCharacter 


C:/Users/yekat/Documents/uni/aa/lab7/report/tech_part.tex:15: LaTeX Error: Unic
ode character и (U+0438)
               not set up for use with LaTeX.

See the LaTeX manual or LaTeX Companion for explanation.
Type  H <return>  for immediate help.
 ...                                              
                                                  
l.15 Листи
               нг 4 -- gemma3.
You may provide a definition with
\DeclareUnicodeCharacter 


C:/Users/yekat/Documents/uni/aa/lab7/report/tech_part.tex:15: LaTeX Error: Unic
ode character н (U+043D)
               not set up for use with LaTeX.

See the LaTeX manual or LaTeX Companion for explanation.
Type  H <return>  for immediate help.
 ...                                              
                                                  
l.15 Листин
                 г 4 -- gemma3.
You may provide a definition with
\DeclareUnicodeCharacter 


C:/Users/yekat/Documents/uni/aa/lab7/report/tech_part.tex:15: LaTeX Error: Unic
ode character г (U+0433)
               not set up for use with LaTeX.

See the LaTeX manual or LaTeX Companion for explanation.
Type  H <return>  for immediate help.
 ...                                              
                                                  
l.15 Листинг
                    4 -- gemma3.
You may provide a definition with
\DeclareUnicodeCharacter 

Missing character: There is no 4 in font nullfont!
Missing character: There is no - in font nullfont!
Missing character: There is no - in font nullfont!
Missing character: There is no g in font nullfont!
Missing character: There is no e in font nullfont!
Missing character: There is no m in font nullfont!
Missing character: There is no m in font nullfont!
Missing character: There is no a in font nullfont!
Missing character: There is no 3 in font nullfont!
Missing character: There is no . in font nullfont!

Overfull \hbox (20.0pt too wide) in paragraph at lines 14--16
[]
 []

C:/Users/yekat/Documents/uni/aa/lab7/report/tech_part.tex:17: Undefined control
 sequence.
l.17 \section
             {Тестирование}
The control sequence at the end of the top line
of your error message was never \def'ed. If you have
misspelled it (e.g., `\hobx'), type `I' and the correct
spelling (e.g., `I\hbox'). Otherwise just continue,
and I'll forget about whatever was undefined.


C:/Users/yekat/Documents/uni/aa/lab7/report/tech_part.tex:17: LaTeX Error: Unic
ode character Т (U+0422)
               not set up for use with LaTeX.

See the LaTeX manual or LaTeX Companion for explanation.
Type  H <return>  for immediate help.
 ...                                              
                                                  
l.17 \section{Т
                естирование}
You may provide a definition with
\DeclareUnicodeCharacter 


C:/Users/yekat/Documents/uni/aa/lab7/report/tech_part.tex:17: LaTeX Error: Unic
ode character е (U+0435)
               not set up for use with LaTeX.

See the LaTeX manual or LaTeX Companion for explanation.
Type  H <return>  for immediate help.
 ...                                              
                                                  
l.17 \section{Те
                  стирование}
You may provide a definition with
\DeclareUnicodeCharacter 


C:/Users/yekat/Documents/uni/aa/lab7/report/tech_part.tex:17: LaTeX Error: Unic
ode character с (U+0441)
               not set up for use with LaTeX.

See the LaTeX manual or LaTeX Companion for explanation.
Type  H <return>  for immediate help.
 ...                                              
                                                  
l.17 \section{Тес
                    тирование}
You may provide a definition with
\DeclareUnicodeCharacter 


C:/Users/yekat/Documents/uni/aa/lab7/report/tech_part.tex:17: LaTeX Error: Unic
ode character т (U+0442)
               not set up for use with LaTeX.

See the LaTeX manual or LaTeX Companion for explanation.
Type  H <return>  for immediate help.
 ...                                              
                                                  
l.17 \section{Тест
                      ирование}
You may provide a definition with
\DeclareUnicodeCharacter 


C:/Users/yekat/Documents/uni/aa/lab7/report/tech_part.tex:17: LaTeX Error: Unic
ode character и (U+0438)
               not set up for use with LaTeX.

See the LaTeX manual or LaTeX Companion for explanation.
Type  H <return>  for immediate help.
 ...                                              
                                                  
l.17 \section{Тести
                        рование}
You may provide a definition with
\DeclareUnicodeCharacter 


C:/Users/yekat/Documents/uni/aa/lab7/report/tech_part.tex:17: LaTeX Error: Unic
ode character р (U+0440)
               not set up for use with LaTeX.

See the LaTeX manual or LaTeX Companion for explanation.
Type  H <return>  for immediate help.
 ...                                              
                                                  
l.17 \section{Тестир
                          ование}
You may provide a definition with
\DeclareUnicodeCharacter 


C:/Users/yekat/Documents/uni/aa/lab7/report/tech_part.tex:17: LaTeX Error: Unic
ode character о (U+043E)
               not set up for use with LaTeX.

See the LaTeX manual or LaTeX Companion for explanation.
Type  H <return>  for immediate help.
 ...                                              
                                                  
l.17 \section{Тестиро
                            вание}
You may provide a definition with
\DeclareUnicodeCharacter 


C:/Users/yekat/Documents/uni/aa/lab7/report/tech_part.tex:17: LaTeX Error: Unic
ode character в (U+0432)
               not set up for use with LaTeX.

See the LaTeX manual or LaTeX Companion for explanation.
Type  H <return>  for immediate help.
 ...                                              
                                                  
l.17 \section{Тестиров
                              ание}
You may provide a definition with
\DeclareUnicodeCharacter 


C:/Users/yekat/Documents/uni/aa/lab7/report/tech_part.tex:17: LaTeX Error: Unic
ode character а (U+0430)
               not set up for use with LaTeX.

See the LaTeX manual or LaTeX Companion for explanation.
Type  H <return>  for immediate help.
 ...                                              
                                                  
l.17 \section{Тестирова
                                ние}
You may provide a definition with
\DeclareUnicodeCharacter 


C:/Users/yekat/Documents/uni/aa/lab7/report/tech_part.tex:17: LaTeX Error: Unic
ode character н (U+043D)
               not set up for use with LaTeX.

See the LaTeX manual or LaTeX Companion for explanation.
Type  H <return>  for immediate help.
 ...                                              
                                                  
l.17 \section{Тестирован
                                  ие}
You may provide a definition with
\DeclareUnicodeCharacter 


C:/Users/yekat/Documents/uni/aa/lab7/report/tech_part.tex:17: LaTeX Error: Unic
ode character и (U+0438)
               not set up for use with LaTeX.

See the LaTeX manual or LaTeX Companion for explanation.
Type  H <return>  for immediate help.
 ...                                              
                                                  
l.17 \section{Тестировани
                                    е}
You may provide a definition with
\DeclareUnicodeCharacter 


C:/Users/yekat/Documents/uni/aa/lab7/report/tech_part.tex:17: LaTeX Error: Unic
ode character е (U+0435)
               not set up for use with LaTeX.

See the LaTeX manual or LaTeX Companion for explanation.
Type  H <return>  for immediate help.
 ...                                              
                                                  
l.17 \section{Тестирование
                                      }
You may provide a definition with
\DeclareUnicodeCharacter 


C:/Users/yekat/Documents/uni/aa/lab7/report/tech_part.tex:19: LaTeX Error: Envi
ronment table undefined.

See the LaTeX manual or LaTeX Companion for explanation.
Type  H <return>  for immediate help.
 ...                                              
                                                  
l.19 \begin{table}
                  [!htbp]
Your command was ignored.
Type  I <command> <return>  to replace it with another command,
or  <return>  to continue without it.


C:/Users/yekat/Documents/uni/aa/lab7/report/tech_part.tex:19: LaTeX Error: Miss
ing \begin{document}.

See the LaTeX manual or LaTeX Companion for explanation.
Type  H <return>  for immediate help.
 ...                                              
                                                  
l.19 \begin{table}[
                   !htbp]
You're in trouble here.  Try typing  <return>  to proceed.
If that doesn't work, type  X <return>  to quit.

Missing character: There is no [ in font nullfont!
Missing character: There is no ! in font nullfont!
Missing character: There is no h in font nullfont!
Missing character: There is no t in font nullfont!
Missing character: There is no b in font nullfont!
Missing character: There is no p in font nullfont!
Missing character: There is no ] in font nullfont!

C:/Users/yekat/Documents/uni/aa/lab7/report/tech_part.tex:20: LaTeX Error: \cap
tion outside float.

See the LaTeX manual or LaTeX Companion for explanation.
Type  H <return>  for immediate help.
 ...                                              
                                                  
l.20 	\caption
              {Результаты тестирования.}
You're in trouble here.  Try typing  <return>  to proceed.
If that doesn't work, type  X <return>  to quit.


C:/Users/yekat/Documents/uni/aa/lab7/report/tech_part.tex:20: LaTeX Error: Unic
ode character Р (U+0420)
               not set up for use with LaTeX.

See the LaTeX manual or LaTeX Companion for explanation.
Type  H <return>  for immediate help.
 ...                                              
                                                  
l.20 	\caption{Р
                 езультаты тестирования.}
You may provide a definition with
\DeclareUnicodeCharacter 


C:/Users/yekat/Documents/uni/aa/lab7/report/tech_part.tex:20: LaTeX Error: Unic
ode character е (U+0435)
               not set up for use with LaTeX.

See the LaTeX manual or LaTeX Companion for explanation.
Type  H <return>  for immediate help.
 ...                                              
                                                  
l.20 	\caption{Ре
                   зультаты тестирования.}
You may provide a definition with
\DeclareUnicodeCharacter 


C:/Users/yekat/Documents/uni/aa/lab7/report/tech_part.tex:20: LaTeX Error: Unic
ode character з (U+0437)
               not set up for use with LaTeX.

See the LaTeX manual or LaTeX Companion for explanation.
Type  H <return>  for immediate help.
 ...                                              
                                                  
l.20 	\caption{Рез
                     ультаты тестирования.}
You may provide a definition with
\DeclareUnicodeCharacter 


C:/Users/yekat/Documents/uni/aa/lab7/report/tech_part.tex:20: LaTeX Error: Unic
ode character у (U+0443)
               not set up for use with LaTeX.

See the LaTeX manual or LaTeX Companion for explanation.
Type  H <return>  for immediate help.
 ...                                              
                                                  
l.20 	\caption{Резу
                       льтаты тестирования.}
You may provide a definition with
\DeclareUnicodeCharacter 


C:/Users/yekat/Documents/uni/aa/lab7/report/tech_part.tex:20: LaTeX Error: Unic
ode character л (U+043B)
               not set up for use with LaTeX.

See the LaTeX manual or LaTeX Companion for explanation.
Type  H <return>  for immediate help.
 ...                                              
                                                  
l.20 	\caption{Резул
                         ьтаты тестирования.}
You may provide a definition with
\DeclareUnicodeCharacter 


C:/Users/yekat/Documents/uni/aa/lab7/report/tech_part.tex:20: LaTeX Error: Unic
ode character ь (U+044C)
               not set up for use with LaTeX.

See the LaTeX manual or LaTeX Companion for explanation.
Type  H <return>  for immediate help.
 ...                                              
                                                  
l.20 	\caption{Резуль
                           таты тестирования.}
You may provide a definition with
\DeclareUnicodeCharacter 


C:/Users/yekat/Documents/uni/aa/lab7/report/tech_part.tex:20: LaTeX Error: Unic
ode character т (U+0442)
               not set up for use with LaTeX.

See the LaTeX manual or LaTeX Companion for explanation.
Type  H <return>  for immediate help.
 ...                                              
                                                  
l.20 	\caption{Результ
                             аты тестирования.}
You may provide a definition with
\DeclareUnicodeCharacter 


C:/Users/yekat/Documents/uni/aa/lab7/report/tech_part.tex:20: LaTeX Error: Unic
ode character а (U+0430)
               not set up for use with LaTeX.

See the LaTeX manual or LaTeX Companion for explanation.
Type  H <return>  for immediate help.
 ...                                              
                                                  
l.20 	\caption{Результа
                               ты тестирования.}
You may provide a definition with
\DeclareUnicodeCharacter 


C:/Users/yekat/Documents/uni/aa/lab7/report/tech_part.tex:20: LaTeX Error: Unic
ode character т (U+0442)
               not set up for use with LaTeX.

See the LaTeX manual or LaTeX Companion for explanation.
Type  H <return>  for immediate help.
 ...                                              
                                                  
l.20 	\caption{Результат
                                 ы тестирования.}
You may provide a definition with
\DeclareUnicodeCharacter 


C:/Users/yekat/Documents/uni/aa/lab7/report/tech_part.tex:20: LaTeX Error: Unic
ode character ы (U+044B)
               not set up for use with LaTeX.

See the LaTeX manual or LaTeX Companion for explanation.
Type  H <return>  for immediate help.
 ...                                              
                                                  
l.20 	\caption{Результаты
                                    тестирования.}
You may provide a definition with
\DeclareUnicodeCharacter 


C:/Users/yekat/Documents/uni/aa/lab7/report/tech_part.tex:20: LaTeX Error: Unic
ode character т (U+0442)
               not set up for use with LaTeX.

See the LaTeX manual or LaTeX Companion for explanation.
Type  H <return>  for immediate help.
 ...                                              
                                                  
l.20 	\caption{Результаты т
                                      естирования.}
You may provide a definition with
\DeclareUnicodeCharacter 


C:/Users/yekat/Documents/uni/aa/lab7/report/tech_part.tex:20: LaTeX Error: Unic
ode character е (U+0435)
               not set up for use with LaTeX.

See the LaTeX manual or LaTeX Companion for explanation.
Type  H <return>  for immediate help.
 ...                                              
                                                  
l.20 	\caption{Результаты те
                                        стирования.}
You may provide a definition with
\DeclareUnicodeCharacter 


C:/Users/yekat/Documents/uni/aa/lab7/report/tech_part.tex:20: LaTeX Error: Unic
ode character с (U+0441)
               not set up for use with LaTeX.

See the LaTeX manual or LaTeX Companion for explanation.
Type  H <return>  for immediate help.
 ...                                              
                                                  
l.20 	\caption{Результаты тес
                                          тирования.}
You may provide a definition with
\DeclareUnicodeCharacter 


C:/Users/yekat/Documents/uni/aa/lab7/report/tech_part.tex:20: LaTeX Error: Unic
ode character т (U+0442)
               not set up for use with LaTeX.

See the LaTeX manual or LaTeX Companion for explanation.
Type  H <return>  for immediate help.
 ...                                              
                                                  
l.20 	\caption{Результаты тест
                                            ирования.}
You may provide a definition with
\DeclareUnicodeCharacter 


C:/Users/yekat/Documents/uni/aa/lab7/report/tech_part.tex:20: LaTeX Error: Unic
ode character и (U+0438)
               not set up for use with LaTeX.

See the LaTeX manual or LaTeX Companion for explanation.
Type  H <return>  for immediate help.
 ...                                              
                                                  
l.20 	\caption{Результаты тести
                                              рования.}
You may provide a definition with
\DeclareUnicodeCharacter 


C:/Users/yekat/Documents/uni/aa/lab7/report/tech_part.tex:20: LaTeX Error: Unic
ode character р (U+0440)
               not set up for use with LaTeX.

See the LaTeX manual or LaTeX Companion for explanation.
Type  H <return>  for immediate help.
 ...                                              
                                                  
l.20 	\caption{Результаты тестир
                                                ования.}
You may provide a definition with
\DeclareUnicodeCharacter 


C:/Users/yekat/Documents/uni/aa/lab7/report/tech_part.tex:20: LaTeX Error: Unic
ode character о (U+043E)
               not set up for use with LaTeX.

See the LaTeX manual or LaTeX Companion for explanation.
Type  H <return>  for immediate help.
 ...                                              
                                                  
l.20 	\caption{Результаты тестиро
                                                  вания.}
You may provide a definition with
\DeclareUnicodeCharacter 


C:/Users/yekat/Documents/uni/aa/lab7/report/tech_part.tex:20: LaTeX Error: Unic
ode character в (U+0432)
               not set up for use with LaTeX.

See the LaTeX manual or LaTeX Companion for explanation.
Type  H <return>  for immediate help.
 ...                                              
                                                  
l.20 ...tion{Результаты тестиров
                                                  ания.}
You may provide a definition with
\DeclareUnicodeCharacter 


C:/Users/yekat/Documents/uni/aa/lab7/report/tech_part.tex:20: LaTeX Error: Unic
ode character а (U+0430)
               not set up for use with LaTeX.

See the LaTeX manual or LaTeX Companion for explanation.
Type  H <return>  for immediate help.
 ...                                              
                                                  
l.20 ...on{Результаты тестирова
                                                  ния.}
You may provide a definition with
\DeclareUnicodeCharacter 


C:/Users/yekat/Documents/uni/aa/lab7/report/tech_part.tex:20: LaTeX Error: Unic
ode character н (U+043D)
               not set up for use with LaTeX.

See the LaTeX manual or LaTeX Companion for explanation.
Type  H <return>  for immediate help.
 ...                                              
                                                  
l.20 ...{Результаты тестирован
                                                  ия.}
You may provide a definition with
\DeclareUnicodeCharacter 


C:/Users/yekat/Documents/uni/aa/lab7/report/tech_part.tex:20: LaTeX Error: Unic
ode character и (U+0438)
               not set up for use with LaTeX.

See the LaTeX manual or LaTeX Companion for explanation.
Type  H <return>  for immediate help.
 ...                                              
                                                  
l.20 ...�езультаты тестировани
                                                  я.}
You may provide a definition with
\DeclareUnicodeCharacter 


C:/Users/yekat/Documents/uni/aa/lab7/report/tech_part.tex:20: LaTeX Error: Unic
ode character я (U+044F)
               not set up for use with LaTeX.

See the LaTeX manual or LaTeX Companion for explanation.
Type  H <return>  for immediate help.
 ...                                              
                                                  
l.20 ...�зультаты тестирования
                                                  .}
You may provide a definition with
\DeclareUnicodeCharacter 

Missing character: There is no . in font nullfont!

C:/Users/yekat/Documents/uni/aa/lab7/report/tech_part.tex:22: LaTeX Error: Envi
ronment tabularx undefined.

See the LaTeX manual or LaTeX Companion for explanation.
Type  H <return>  for immediate help.
 ...                                              
                                                  
l.22 	\begin{tabularx}
                      {\textwidth}{|*{3}{>{\centering\arraybackslash}X|}}
Your command was ignored.
Type  I <command> <return>  to replace it with another command,
or  <return>  to continue without it.

C:/Users/yekat/Documents/uni/aa/lab7/report/tech_part.tex:22: Missing number, t
reated as zero.
<to be read again> 
                   }
l.22 	\begin{tabularx}{\textwidth}
                                  {|*{3}{>{\centering\arraybackslash}X|}}
A number should have been here; I inserted `0'.
(If you can't figure out why I needed to see a number,
look up `weird error' in the index to The TeXbook.)

C:/Users/yekat/Documents/uni/aa/lab7/report/tech_part.tex:22: Illegal unit of m
easure (pt inserted).
<to be read again> 
                   }
l.22 	\begin{tabularx}{\textwidth}
                                  {|*{3}{>{\centering\arraybackslash}X|}}
Dimensions can be in units of em, ex, in, pt, pc,
cm, mm, dd, cc, nd, nc, bp, or sp; but yours is a new one!
I'll assume that you meant to say pt, for printer's points.
To recover gracefully from this error, it's best to
delete the erroneous units; e.g., type `2' to delete
two letters. (See Chapter 27 of The TeXbook.)

Missing character: There is no | in font nullfont!
Missing character: There is no * in font nullfont!
Missing character: There is no 3 in font nullfont!
Missing character: There is no > in font nullfont!
C:/Users/yekat/Documents/uni/aa/lab7/report/tech_part.tex:22: Undefined control
 sequence.
l.22 ...xtwidth}{|*{3}{>{\centering\arraybackslash
                                                  }X|}}
The control sequence at the end of the top line
of your error message was never \def'ed. If you have
misspelled it (e.g., `\hobx'), type `I' and the correct
spelling (e.g., `I\hbox'). Otherwise just continue,
and I'll forget about whatever was undefined.

Missing character: There is no X in font nullfont!
Missing character: There is no | in font nullfont!
C:/Users/yekat/Documents/uni/aa/lab7/report/tech_part.tex:23: Misplaced \noalig
n.
\hline ->\noalign 
                  {\ifnum 0=`}\fi \hrule \@height \arrayrulewidth \futurelet...
l.23 		\hline
             
I expect to see \noalign only after the \cr of
an alignment. Proceed, and I'll ignore this case.


Overfull \hbox (20.0pt too wide) in paragraph at lines 19--23
 [] 
 []


C:/Users/yekat/Documents/uni/aa/lab7/report/tech_part.tex:24: LaTeX Error: Miss
ing \begin{document}.

See the LaTeX manual or LaTeX Companion for explanation.
Type  H <return>  for immediate help.
 ...                                              
                                                  
l.24 		\textbf{Модель}
                             & \textbf{Вход} & \textbf{Выход} \\\hline

You're in trouble here.  Try typing  <return>  to proceed.
If that doesn't work, type  X <return>  to quit.


C:/Users/yekat/Documents/uni/aa/lab7/report/tech_part.tex:24: LaTeX Error: Unic
ode character М (U+041C)
               not set up for use with LaTeX.

See the LaTeX manual or LaTeX Companion for explanation.
Type  H <return>  for immediate help.
 ...                                              
                                                  
l.24 		\textbf{Модель}
                             & \textbf{Вход} & \textbf{Выход} \\\hline

You may provide a definition with
\DeclareUnicodeCharacter 


C:/Users/yekat/Documents/uni/aa/lab7/report/tech_part.tex:24: LaTeX Error: Unic
ode character о (U+043E)
               not set up for use with LaTeX.

See the LaTeX manual or LaTeX Companion for explanation.
Type  H <return>  for immediate help.
 ...                                              
                                                  
l.24 		\textbf{Модель}
                             & \textbf{Вход} & \textbf{Выход} \\\hline

You may provide a definition with
\DeclareUnicodeCharacter 


C:/Users/yekat/Documents/uni/aa/lab7/report/tech_part.tex:24: LaTeX Error: Unic
ode character д (U+0434)
               not set up for use with LaTeX.

See the LaTeX manual or LaTeX Companion for explanation.
Type  H <return>  for immediate help.
 ...                                              
                                                  
l.24 		\textbf{Модель}
                             & \textbf{Вход} & \textbf{Выход} \\\hline

You may provide a definition with
\DeclareUnicodeCharacter 


C:/Users/yekat/Documents/uni/aa/lab7/report/tech_part.tex:24: LaTeX Error: Unic
ode character е (U+0435)
               not set up for use with LaTeX.

See the LaTeX manual or LaTeX Companion for explanation.
Type  H <return>  for immediate help.
 ...                                              
                                                  
l.24 		\textbf{Модель}
                             & \textbf{Вход} & \textbf{Выход} \\\hline

You may provide a definition with
\DeclareUnicodeCharacter 


C:/Users/yekat/Documents/uni/aa/lab7/report/tech_part.tex:24: LaTeX Error: Unic
ode character л (U+043B)
               not set up for use with LaTeX.

See the LaTeX manual or LaTeX Companion for explanation.
Type  H <return>  for immediate help.
 ...                                              
                                                  
l.24 		\textbf{Модель}
                             & \textbf{Вход} & \textbf{Выход} \\\hline

You may provide a definition with
\DeclareUnicodeCharacter 


C:/Users/yekat/Documents/uni/aa/lab7/report/tech_part.tex:24: LaTeX Error: Unic
ode character ь (U+044C)
               not set up for use with LaTeX.

See the LaTeX manual or LaTeX Companion for explanation.
Type  H <return>  for immediate help.
 ...                                              
                                                  
l.24 		\textbf{Модель}
                             & \textbf{Вход} & \textbf{Выход} \\\hline

You may provide a definition with
\DeclareUnicodeCharacter 

C:/Users/yekat/Documents/uni/aa/lab7/report/tech_part.tex:24: Misplaced alignme
nt tab character &.
l.24 		\textbf{Модель} &
                               \textbf{Вход} & \textbf{Выход} \\\hline
I can't figure out why you would want to use a tab mark
here. If you just want an ampersand, the remedy is
simple: Just type `I\&' now. But if some right brace
up above has ended a previous alignment prematurely,
you're probably due for more error messages, and you
might try typing `S' now just to see what is salvageable.


C:/Users/yekat/Documents/uni/aa/lab7/report/tech_part.tex:24: LaTeX Error: Unic
ode character В (U+0412)
               not set up for use with LaTeX.

See the LaTeX manual or LaTeX Companion for explanation.
Type  H <return>  for immediate help.
 ...                                              
                                                  
l.24 		\textbf{Модель} & \textbf{Вход}
                                                 & \textbf{Выход} \\\hline

You may provide a definition with
\DeclareUnicodeCharacter 


C:/Users/yekat/Documents/uni/aa/lab7/report/tech_part.tex:24: LaTeX Error: Unic
ode character х (U+0445)
               not set up for use with LaTeX.

See the LaTeX manual or LaTeX Companion for explanation.
Type  H <return>  for immediate help.
 ...                                              
                                                  
l.24 		\textbf{Модель} & \textbf{Вход}
                                                 & \textbf{Выход} \\\hline

You may provide a definition with
\DeclareUnicodeCharacter 


C:/Users/yekat/Documents/uni/aa/lab7/report/tech_part.tex:24: LaTeX Error: Unic
ode character о (U+043E)
               not set up for use with LaTeX.

See the LaTeX manual or LaTeX Companion for explanation.
Type  H <return>  for immediate help.
 ...                                              
                                                  
l.24 		\textbf{Модель} & \textbf{Вход}
                                                 & \textbf{Выход} \\\hline

You may provide a definition with
\DeclareUnicodeCharacter 


C:/Users/yekat/Documents/uni/aa/lab7/report/tech_part.tex:24: LaTeX Error: Unic
ode character д (U+0434)
               not set up for use with LaTeX.

See the LaTeX manual or LaTeX Companion for explanation.
Type  H <return>  for immediate help.
 ...                                              
                                                  
l.24 		\textbf{Модель} & \textbf{Вход}
                                                 & \textbf{Выход} \\\hline

You may provide a definition with
\DeclareUnicodeCharacter 

C:/Users/yekat/Documents/uni/aa/lab7/report/tech_part.tex:24: Misplaced alignme
nt tab character &.
l.24 		\textbf{Модель} & \textbf{Вход} &
                                                   \textbf{Выход} \\\hline
I can't figure out why you would want to use a tab mark
here. If you just want an ampersand, the remedy is
simple: Just type `I\&' now. But if some right brace
up above has ended a previous alignment prematurely,
you're probably due for more error messages, and you
might try typing `S' now just to see what is salvageable.


C:/Users/yekat/Documents/uni/aa/lab7/report/tech_part.tex:24: LaTeX Error: Unic
ode character В (U+0412)
               not set up for use with LaTeX.

See the LaTeX manual or LaTeX Companion for explanation.
Type  H <return>  for immediate help.
 ...                                              
                                                  
l.24 ... & \textbf{Вход} & \textbf{Выход}
                                                   \\\hline
You may provide a definition with
\DeclareUnicodeCharacter 


C:/Users/yekat/Documents/uni/aa/lab7/report/tech_part.tex:24: LaTeX Error: Unic
ode character ы (U+044B)
               not set up for use with LaTeX.

See the LaTeX manual or LaTeX Companion for explanation.
Type  H <return>  for immediate help.
 ...                                              
                                                  
l.24 ... & \textbf{Вход} & \textbf{Выход}
                                                   \\\hline
You may provide a definition with
\DeclareUnicodeCharacter 


C:/Users/yekat/Documents/uni/aa/lab7/report/tech_part.tex:24: LaTeX Error: Unic
ode character х (U+0445)
               not set up for use with LaTeX.

See the LaTeX manual or LaTeX Companion for explanation.
Type  H <return>  for immediate help.
 ...                                              
                                                  
l.24 ... & \textbf{Вход} & \textbf{Выход}
                                                   \\\hline
You may provide a definition with
\DeclareUnicodeCharacter 


C:/Users/yekat/Documents/uni/aa/lab7/report/tech_part.tex:24: LaTeX Error: Unic
ode character о (U+043E)
               not set up for use with LaTeX.

See the LaTeX manual or LaTeX Companion for explanation.
Type  H <return>  for immediate help.
 ...                                              
                                                  
l.24 ... & \textbf{Вход} & \textbf{Выход}
                                                   \\\hline
You may provide a definition with
\DeclareUnicodeCharacter 


C:/Users/yekat/Documents/uni/aa/lab7/report/tech_part.tex:24: LaTeX Error: Unic
ode character д (U+0434)
               not set up for use with LaTeX.

See the LaTeX manual or LaTeX Companion for explanation.
Type  H <return>  for immediate help.
 ...                                              
                                                  
l.24 ... & \textbf{Вход} & \textbf{Выход}
                                                   \\\hline
You may provide a definition with
\DeclareUnicodeCharacter 

C:/Users/yekat/Documents/uni/aa/lab7/report/tech_part.tex:24: Misplaced \noalig
n.
\hline ->\noalign 
                  {\ifnum 0=`}\fi \hrule \@height \arrayrulewidth \futurelet...
l.24 ...f{Вход} & \textbf{Выход} \\\hline
                                                  
I expect to see \noalign only after the \cr of
an alignment. Proceed, and I'll ignore this case.


C:/Users/yekat/Documents/uni/aa/lab7/report/tech_part.tex:25: LaTeX Error: Miss
ing \begin{document}.

See the LaTeX manual or LaTeX Companion for explanation.
Type  H <return>  for immediate help.
 ...                                              
                                                  
l.25 		q
        wen3-coder & Отчёт по первой лабораторной �...

You're in trouble here.  Try typing  <return>  to proceed.
If that doesn't work, type  X <return>  to quit.

Missing character: There is no q in font nullfont!
Missing character: There is no w in font nullfont!
Missing character: There is no e in font nullfont!
Missing character: There is no n in font nullfont!
Missing character: There is no 3 in font nullfont!
Missing character: There is no - in font nullfont!
Missing character: There is no c in font nullfont!
Missing character: There is no o in font nullfont!
Missing character: There is no d in font nullfont!
Missing character: There is no e in font nullfont!
Missing character: There is no r in font nullfont!
C:/Users/yekat/Documents/uni/aa/lab7/report/tech_part.tex:25: Misplaced alignme
nt tab character &.
l.25 		qwen3-coder &
                     Отчёт по первой лабораторной �...
I can't figure out why you would want to use a tab mark
here. If you just want an ampersand, the remedy is
simple: Just type `I\&' now. But if some right brace
up above has ended a previous alignment prematurely,
you're probably due for more error messages, and you
might try typing `S' now just to see what is salvageable.


C:/Users/yekat/Documents/uni/aa/lab7/report/tech_part.tex:25: LaTeX Error: Unic
ode character О (U+041E)
               not set up for use with LaTeX.

See the LaTeX manual or LaTeX Companion for explanation.
Type  H <return>  for immediate help.
 ...                                              
                                                  
l.25 		qwen3-coder & О
                       тчёт по первой лабораторной �...

You may provide a definition with
\DeclareUnicodeCharacter 


C:/Users/yekat/Documents/uni/aa/lab7/report/tech_part.tex:25: LaTeX Error: Unic
ode character т (U+0442)
               not set up for use with LaTeX.

See the LaTeX manual or LaTeX Companion for explanation.
Type  H <return>  for immediate help.
 ...                                              
                                                  
l.25 		qwen3-coder & От
                         чёт по первой лабораторной �...

You may provide a definition with
\DeclareUnicodeCharacter 


C:/Users/yekat/Documents/uni/aa/lab7/report/tech_part.tex:25: LaTeX Error: Unic
ode character ч (U+0447)
               not set up for use with LaTeX.

See the LaTeX manual or LaTeX Companion for explanation.
Type  H <return>  for immediate help.
 ...                                              
                                                  
l.25 		qwen3-coder & Отч
                           ёт по первой лабораторной �...

You may provide a definition with
\DeclareUnicodeCharacter 


C:/Users/yekat/Documents/uni/aa/lab7/report/tech_part.tex:25: LaTeX Error: Unic
ode character ё (U+0451)
               not set up for use with LaTeX.

See the LaTeX manual or LaTeX Companion for explanation.
Type  H <return>  for immediate help.
 ...                                              
                                                  
l.25 		qwen3-coder & Отчё
                             т по первой лабораторной �...

You may provide a definition with
\DeclareUnicodeCharacter 


C:/Users/yekat/Documents/uni/aa/lab7/report/tech_part.tex:25: LaTeX Error: Unic
ode character т (U+0442)
               not set up for use with LaTeX.

See the LaTeX manual or LaTeX Companion for explanation.
Type  H <return>  for immediate help.
 ...                                              
                                                  
l.25 		qwen3-coder & Отчёт
                                по первой лабораторной �...

You may provide a definition with
\DeclareUnicodeCharacter 


C:/Users/yekat/Documents/uni/aa/lab7/report/tech_part.tex:25: LaTeX Error: Unic
ode character п (U+043F)
               not set up for use with LaTeX.

See the LaTeX manual or LaTeX Companion for explanation.
Type  H <return>  for immediate help.
 ...                                              
                                                  
l.25 		qwen3-coder & Отчёт п
                                  о первой лабораторной �...

You may provide a definition with
\DeclareUnicodeCharacter 


C:/Users/yekat/Documents/uni/aa/lab7/report/tech_part.tex:25: LaTeX Error: Unic
ode character о (U+043E)
               not set up for use with LaTeX.

See the LaTeX manual or LaTeX Companion for explanation.
Type  H <return>  for immediate help.
 ...                                              
                                                  
l.25 		qwen3-coder & Отчёт по
                                     первой лабораторной �...

You may provide a definition with
\DeclareUnicodeCharacter 


C:/Users/yekat/Documents/uni/aa/lab7/report/tech_part.tex:25: LaTeX Error: Unic
ode character п (U+043F)
               not set up for use with LaTeX.

See the LaTeX manual or LaTeX Companion for explanation.
Type  H <return>  for immediate help.
 ...                                              
                                                  
l.25 		qwen3-coder & Отчёт по п
                                       ервой лабораторной �...

You may provide a definition with
\DeclareUnicodeCharacter 


C:/Users/yekat/Documents/uni/aa/lab7/report/tech_part.tex:25: LaTeX Error: Unic
ode character е (U+0435)
               not set up for use with LaTeX.

See the LaTeX manual or LaTeX Companion for explanation.
Type  H <return>  for immediate help.
 ...                                              
                                                  
l.25 		qwen3-coder & Отчёт по пе
                                         рвой лабораторной �...

You may provide a definition with
\DeclareUnicodeCharacter 


C:/Users/yekat/Documents/uni/aa/lab7/report/tech_part.tex:25: LaTeX Error: Unic
ode character р (U+0440)
               not set up for use with LaTeX.

See the LaTeX manual or LaTeX Companion for explanation.
Type  H <return>  for immediate help.
 ...                                              
                                                  
l.25 		qwen3-coder & Отчёт по пер
                                           вой лабораторной �...

You may provide a definition with
\DeclareUnicodeCharacter 


C:/Users/yekat/Documents/uni/aa/lab7/report/tech_part.tex:25: LaTeX Error: Unic
ode character в (U+0432)
               not set up for use with LaTeX.

See the LaTeX manual or LaTeX Companion for explanation.
Type  H <return>  for immediate help.
 ...                                              
                                                  
l.25 		qwen3-coder & Отчёт по перв
                                             ой лабораторной �...

You may provide a definition with
\DeclareUnicodeCharacter 


C:/Users/yekat/Documents/uni/aa/lab7/report/tech_part.tex:25: LaTeX Error: Unic
ode character о (U+043E)
               not set up for use with LaTeX.

See the LaTeX manual or LaTeX Companion for explanation.
Type  H <return>  for immediate help.
 ...                                              
                                                  
l.25 		qwen3-coder & Отчёт по перво
                                               й лабораторной �...

You may provide a definition with
\DeclareUnicodeCharacter 


C:/Users/yekat/Documents/uni/aa/lab7/report/tech_part.tex:25: LaTeX Error: Unic
ode character й (U+0439)
               not set up for use with LaTeX.

See the LaTeX manual or LaTeX Companion for explanation.
Type  H <return>  for immediate help.
 ...                                              
                                                  
l.25 		qwen3-coder & Отчёт по первой
                                                  лабораторной �...

You may provide a definition with
\DeclareUnicodeCharacter 


C:/Users/yekat/Documents/uni/aa/lab7/report/tech_part.tex:25: LaTeX Error: Unic
ode character л (U+043B)
               not set up for use with LaTeX.

See the LaTeX manual or LaTeX Companion for explanation.
Type  H <return>  for immediate help.
 ...                                              
                                                  
l.25 ...n3-coder & Отчёт по первой л
                                                  абораторной р�...

You may provide a definition with
\DeclareUnicodeCharacter 


C:/Users/yekat/Documents/uni/aa/lab7/report/tech_part.tex:25: LaTeX Error: Unic
ode character а (U+0430)
               not set up for use with LaTeX.

See the LaTeX manual or LaTeX Companion for explanation.
Type  H <return>  for immediate help.
 ...                                              
                                                  
l.25 ...-coder & Отчёт по первой ла
                                                  бораторной ра�...

You may provide a definition with
\DeclareUnicodeCharacter 


C:/Users/yekat/Documents/uni/aa/lab7/report/tech_part.tex:25: LaTeX Error: Unic
ode character б (U+0431)
               not set up for use with LaTeX.

See the LaTeX manual or LaTeX Companion for explanation.
Type  H <return>  for immediate help.
 ...                                              
                                                  
l.25 ...oder & Отчёт по первой лаб
                                                  ораторной раб�...

You may provide a definition with
\DeclareUnicodeCharacter 


C:/Users/yekat/Documents/uni/aa/lab7/report/tech_part.tex:25: LaTeX Error: Unic
ode character о (U+043E)
               not set up for use with LaTeX.

See the LaTeX manual or LaTeX Companion for explanation.
Type  H <return>  for immediate help.
 ...                                              
                                                  
l.25 ...er & Отчёт по первой лабо
                                                  раторной рабо�...

You may provide a definition with
\DeclareUnicodeCharacter 


C:/Users/yekat/Documents/uni/aa/lab7/report/tech_part.tex:25: LaTeX Error: Unic
ode character р (U+0440)
               not set up for use with LaTeX.

See the LaTeX manual or LaTeX Companion for explanation.
Type  H <return>  for immediate help.
 ...                                              
                                                  
l.25 ... & Отчёт по первой лабор
                                                  аторной работ�...

You may provide a definition with
\DeclareUnicodeCharacter 


C:/Users/yekat/Documents/uni/aa/lab7/report/tech_part.tex:25: LaTeX Error: Unic
ode character а (U+0430)
               not set up for use with LaTeX.

See the LaTeX manual or LaTeX Companion for explanation.
Type  H <return>  for immediate help.
 ...                                              
                                                  
l.25 ... Отчёт по первой лабора
                                                  торной работе ...

You may provide a definition with
\DeclareUnicodeCharacter 


C:/Users/yekat/Documents/uni/aa/lab7/report/tech_part.tex:25: LaTeX Error: Unic
ode character т (U+0442)
               not set up for use with LaTeX.

See the LaTeX manual or LaTeX Companion for explanation.
Type  H <return>  for immediate help.
 ...                                              
                                                  
l.25 ...�тчёт по первой лаборат
                                                  орной работе & ...

You may provide a definition with
\DeclareUnicodeCharacter 


C:/Users/yekat/Documents/uni/aa/lab7/report/tech_part.tex:25: LaTeX Error: Unic
ode character о (U+043E)
               not set up for use with LaTeX.

See the LaTeX manual or LaTeX Companion for explanation.
Type  H <return>  for immediate help.
 ...                                              
                                                  
l.25 ...�чёт по первой лаборато
                                                  рной работе & С...

You may provide a definition with
\DeclareUnicodeCharacter 


C:/Users/yekat/Documents/uni/aa/lab7/report/tech_part.tex:25: LaTeX Error: Unic
ode character р (U+0440)
               not set up for use with LaTeX.

See the LaTeX manual or LaTeX Companion for explanation.
Type  H <return>  for immediate help.
 ...                                              
                                                  
l.25 ...�ёт по первой лаборатор
                                                  ной работе & Сл...

You may provide a definition with
\DeclareUnicodeCharacter 


C:/Users/yekat/Documents/uni/aa/lab7/report/tech_part.tex:25: LaTeX Error: Unic
ode character н (U+043D)
               not set up for use with LaTeX.

See the LaTeX manual or LaTeX Companion for explanation.
Type  H <return>  for immediate help.
 ...                                              
                                                  
l.25 ...�т по первой лабораторн
                                                  ой работе & Слу...

You may provide a definition with
\DeclareUnicodeCharacter 


C:/Users/yekat/Documents/uni/aa/lab7/report/tech_part.tex:25: LaTeX Error: Unic
ode character о (U+043E)
               not set up for use with LaTeX.

See the LaTeX manual or LaTeX Companion for explanation.
Type  H <return>  for immediate help.
 ...                                              
                                                  
l.25 ...� по первой лабораторно
                                                  й работе & Случ...

You may provide a definition with
\DeclareUnicodeCharacter 


C:/Users/yekat/Documents/uni/aa/lab7/report/tech_part.tex:25: LaTeX Error: Unic
ode character й (U+0439)
               not set up for use with LaTeX.

See the LaTeX manual or LaTeX Companion for explanation.
Type  H <return>  for immediate help.
 ...                                              
                                                  
l.25 ...по первой лабораторной
                                                   работе & Случа...

You may provide a definition with
\DeclareUnicodeCharacter 


C:/Users/yekat/Documents/uni/aa/lab7/report/tech_part.tex:25: LaTeX Error: Unic
ode character р (U+0440)
               not set up for use with LaTeX.

See the LaTeX manual or LaTeX Companion for explanation.
Type  H <return>  for immediate help.
 ...                                              
                                                  
l.25 ...� первой лабораторной р
                                                  аботе & Случаи ...

You may provide a definition with
\DeclareUnicodeCharacter 


C:/Users/yekat/Documents/uni/aa/lab7/report/tech_part.tex:25: LaTeX Error: Unic
ode character а (U+0430)
               not set up for use with LaTeX.

See the LaTeX manual or LaTeX Companion for explanation.
Type  H <return>  for immediate help.
 ...                                              
                                                  
l.25 ...первой лабораторной ра
                                                  боте & Случаи и...

You may provide a definition with
\DeclareUnicodeCharacter 


C:/Users/yekat/Documents/uni/aa/lab7/report/tech_part.tex:25: LaTeX Error: Unic
ode character б (U+0431)
               not set up for use with LaTeX.

See the LaTeX manual or LaTeX Companion for explanation.
Type  H <return>  for immediate help.
 ...                                              
                                                  
l.25 ...ервой лабораторной раб
                                                  оте & Случаи ис...

You may provide a definition with
\DeclareUnicodeCharacter 


C:/Users/yekat/Documents/uni/aa/lab7/report/tech_part.tex:25: LaTeX Error: Unic
ode character о (U+043E)
               not set up for use with LaTeX.

See the LaTeX manual or LaTeX Companion for explanation.
Type  H <return>  for immediate help.
 ...                                              
                                                  
l.25 ...рвой лабораторной рабо
                                                  те & Случаи исп...

You may provide a definition with
\DeclareUnicodeCharacter 


C:/Users/yekat/Documents/uni/aa/lab7/report/tech_part.tex:25: LaTeX Error: Unic
ode character т (U+0442)
               not set up for use with LaTeX.

See the LaTeX manual or LaTeX Companion for explanation.
Type  H <return>  for immediate help.
 ...                                              
                                                  
l.25 ...вой лабораторной работ
                                                  е & Случаи испо...

You may provide a definition with
\DeclareUnicodeCharacter 


C:/Users/yekat/Documents/uni/aa/lab7/report/tech_part.tex:25: LaTeX Error: Unic
ode character е (U+0435)
               not set up for use with LaTeX.

See the LaTeX manual or LaTeX Companion for explanation.
Type  H <return>  for immediate help.
 ...                                              
                                                  
l.25 ...ой лабораторной работе
                                                   & Случаи испол...

You may provide a definition with
\DeclareUnicodeCharacter 

C:/Users/yekat/Documents/uni/aa/lab7/report/tech_part.tex:25: Misplaced alignme
nt tab character &.
l.25 ...й лабораторной работе &
                                                   Случаи исполь...
I can't figure out why you would want to use a tab mark
here. If you just want an ampersand, the remedy is
simple: Just type `I\&' now. But if some right brace
up above has ended a previous alignment prematurely,
you're probably due for more error messages, and you
might try typing `S' now just to see what is salvageable.


C:/Users/yekat/Documents/uni/aa/lab7/report/tech_part.tex:25: LaTeX Error: Unic
ode character С (U+0421)
               not set up for use with LaTeX.

See the LaTeX manual or LaTeX Companion for explanation.
Type  H <return>  for immediate help.
 ...                                              
                                                  
l.25 ...лабораторной работе & С
                                                  лучаи использ�...

You may provide a definition with
\DeclareUnicodeCharacter 


C:/Users/yekat/Documents/uni/aa/lab7/report/tech_part.tex:25: LaTeX Error: Unic
ode character л (U+043B)
               not set up for use with LaTeX.

See the LaTeX manual or LaTeX Companion for explanation.
Type  H <return>  for immediate help.
 ...                                              
                                                  
l.25 ...абораторной работе & Сл
                                                  учаи использо�...

You may provide a definition with
\DeclareUnicodeCharacter 


C:/Users/yekat/Documents/uni/aa/lab7/report/tech_part.tex:25: LaTeX Error: Unic
ode character у (U+0443)
               not set up for use with LaTeX.

See the LaTeX manual or LaTeX Companion for explanation.
Type  H <return>  for immediate help.
 ...                                              
                                                  
l.25 ...бораторной работе & Слу
                                                  чаи использов�...

You may provide a definition with
\DeclareUnicodeCharacter 


C:/Users/yekat/Documents/uni/aa/lab7/report/tech_part.tex:25: LaTeX Error: Unic
ode character ч (U+0447)
               not set up for use with LaTeX.

See the LaTeX manual or LaTeX Companion for explanation.
Type  H <return>  for immediate help.
 ...                                              
                                                  
l.25 ...ораторной работе & Случ
                                                  аи использова�...

You may provide a definition with
\DeclareUnicodeCharacter 


C:/Users/yekat/Documents/uni/aa/lab7/report/tech_part.tex:25: LaTeX Error: Unic
ode character а (U+0430)
               not set up for use with LaTeX.

See the LaTeX manual or LaTeX Companion for explanation.
Type  H <return>  for immediate help.
 ...                                              
                                                  
l.25 ...раторной работе & Случа
                                                  и использован�...

You may provide a definition with
\DeclareUnicodeCharacter 


C:/Users/yekat/Documents/uni/aa/lab7/report/tech_part.tex:25: LaTeX Error: Unic
ode character и (U+0438)
               not set up for use with LaTeX.

See the LaTeX manual or LaTeX Companion for explanation.
Type  H <return>  for immediate help.
 ...                                              
                                                  
l.25 ...аторной работе & Случаи
                                                   использовани�...

You may provide a definition with
\DeclareUnicodeCharacter 


C:/Users/yekat/Documents/uni/aa/lab7/report/tech_part.tex:25: LaTeX Error: Unic
ode character и (U+0438)
               not set up for use with LaTeX.

See the LaTeX manual or LaTeX Companion for explanation.
Type  H <return>  for immediate help.
 ...                                              
                                                  
l.25 ...�орной работе & Случаи и
                                                  спользования '...

You may provide a definition with
\DeclareUnicodeCharacter 


C:/Users/yekat/Documents/uni/aa/lab7/report/tech_part.tex:25: LaTeX Error: Unic
ode character с (U+0441)
               not set up for use with LaTeX.

See the LaTeX manual or LaTeX Companion for explanation.
Type  H <return>  for immediate help.
 ...                                              
                                                  
l.25 ...�рной работе & Случаи ис
                                                  пользования 'о...

You may provide a definition with
\DeclareUnicodeCharacter 


C:/Users/yekat/Documents/uni/aa/lab7/report/tech_part.tex:25: LaTeX Error: Unic
ode character п (U+043F)
               not set up for use with LaTeX.

See the LaTeX manual or LaTeX Companion for explanation.
Type  H <return>  for immediate help.
 ...                                              
                                                  
l.25 ...�ной работе & Случаи исп
                                                  ользования 'ог...

You may provide a definition with
\DeclareUnicodeCharacter 


C:/Users/yekat/Documents/uni/aa/lab7/report/tech_part.tex:25: LaTeX Error: Unic
ode character о (U+043E)
               not set up for use with LaTeX.

See the LaTeX manual or LaTeX Companion for explanation.
Type  H <return>  for immediate help.
 ...                                              
                                                  
l.25 ...�ой работе & Случаи испо
                                                  льзования 'огл...

You may provide a definition with
\DeclareUnicodeCharacter 


C:/Users/yekat/Documents/uni/aa/lab7/report/tech_part.tex:25: LaTeX Error: Unic
ode character л (U+043B)
               not set up for use with LaTeX.

See the LaTeX manual or LaTeX Companion for explanation.
Type  H <return>  for immediate help.
 ...                                              
                                                  
l.25 ...�й работе & Случаи испол
                                                  ьзования 'огла...

You may provide a definition with
\DeclareUnicodeCharacter 


C:/Users/yekat/Documents/uni/aa/lab7/report/tech_part.tex:25: LaTeX Error: Unic
ode character ь (U+044C)
               not set up for use with LaTeX.

See the LaTeX manual or LaTeX Companion for explanation.
Type  H <return>  for immediate help.
 ...                                              
                                                  
l.25 ...� работе & Случаи исполь
                                                  зования 'оглав...

You may provide a definition with
\DeclareUnicodeCharacter 


C:/Users/yekat/Documents/uni/aa/lab7/report/tech_part.tex:25: LaTeX Error: Unic
ode character з (U+0437)
               not set up for use with LaTeX.

See the LaTeX manual or LaTeX Companion for explanation.
Type  H <return>  for immediate help.
 ...                                              
                                                  
l.25 ...работе & Случаи использ
                                                  ования 'оглавл...

You may provide a definition with
\DeclareUnicodeCharacter 


C:/Users/yekat/Documents/uni/aa/lab7/report/tech_part.tex:25: LaTeX Error: Unic
ode character о (U+043E)
               not set up for use with LaTeX.

See the LaTeX manual or LaTeX Companion for explanation.
Type  H <return>  for immediate help.
 ...                                              
                                                  
l.25 ...аботе & Случаи использо
                                                  вания 'оглавле...

You may provide a definition with
\DeclareUnicodeCharacter 


C:/Users/yekat/Documents/uni/aa/lab7/report/tech_part.tex:25: LaTeX Error: Unic
ode character в (U+0432)
               not set up for use with LaTeX.

See the LaTeX manual or LaTeX Companion for explanation.
Type  H <return>  for immediate help.
 ...                                              
                                                  
l.25 ...боте & Случаи использов
                                                  ания 'оглавлен...

You may provide a definition with
\DeclareUnicodeCharacter 


C:/Users/yekat/Documents/uni/aa/lab7/report/tech_part.tex:25: LaTeX Error: Unic
ode character а (U+0430)
               not set up for use with LaTeX.

See the LaTeX manual or LaTeX Companion for explanation.
Type  H <return>  for immediate help.
 ...                                              
                                                  
l.25 ...оте & Случаи использова
                                                  ния 'оглавлени...

You may provide a definition with
\DeclareUnicodeCharacter 


C:/Users/yekat/Documents/uni/aa/lab7/report/tech_part.tex:25: LaTeX Error: Unic
ode character н (U+043D)
               not set up for use with LaTeX.

See the LaTeX manual or LaTeX Companion for explanation.
Type  H <return>  for immediate help.
 ...                                              
                                                  
l.25 ...те & Случаи использован
                                                  ия 'оглавление...

You may provide a definition with
\DeclareUnicodeCharacter 


C:/Users/yekat/Documents/uni/aa/lab7/report/tech_part.tex:25: LaTeX Error: Unic
ode character и (U+0438)
               not set up for use with LaTeX.

See the LaTeX manual or LaTeX Companion for explanation.
Type  H <return>  for immediate help.
 ...                                              
                                                  
l.25 ...е & Случаи использовани
                                                  я 'оглавление' ...

You may provide a definition with
\DeclareUnicodeCharacter 


C:/Users/yekat/Documents/uni/aa/lab7/report/tech_part.tex:25: LaTeX Error: Unic
ode character я (U+044F)
               not set up for use with LaTeX.

See the LaTeX manual or LaTeX Companion for explanation.
Type  H <return>  for immediate help.
 ...                                              
                                                  
l.25 ... & Случаи использования
                                                   'оглавление' в...

You may provide a definition with
\DeclareUnicodeCharacter 

Missing character: There is no ' in font nullfont!

C:/Users/yekat/Documents/uni/aa/lab7/report/tech_part.tex:25: LaTeX Error: Unic
ode character о (U+043E)
               not set up for use with LaTeX.

See the LaTeX manual or LaTeX Companion for explanation.
Type  H <return>  for immediate help.
 ...                                              
                                                  
l.25 ...�лучаи использования 'о
                                                  главление' вме...

You may provide a definition with
\DeclareUnicodeCharacter 


C:/Users/yekat/Documents/uni/aa/lab7/report/tech_part.tex:25: LaTeX Error: Unic
ode character г (U+0433)
               not set up for use with LaTeX.

See the LaTeX manual or LaTeX Companion for explanation.
Type  H <return>  for immediate help.
 ...                                              
                                                  
l.25 ...�учаи использования 'ог
                                                  лавление' вмес...

You may provide a definition with
\DeclareUnicodeCharacter 


C:/Users/yekat/Documents/uni/aa/lab7/report/tech_part.tex:25: LaTeX Error: Unic
ode character л (U+043B)
               not set up for use with LaTeX.

See the LaTeX manual or LaTeX Companion for explanation.
Type  H <return>  for immediate help.
 ...                                              
                                                  
l.25 ...�чаи использования 'огл
                                                  авление' вмест...

You may provide a definition with
\DeclareUnicodeCharacter 


C:/Users/yekat/Documents/uni/aa/lab7/report/tech_part.tex:25: LaTeX Error: Unic
ode character а (U+0430)
               not set up for use with LaTeX.

See the LaTeX manual or LaTeX Companion for explanation.
Type  H <return>  for immediate help.
 ...                                              
                                                  
l.25 ...�аи использования 'огла
                                                  вление' вместо...

You may provide a definition with
\DeclareUnicodeCharacter 


C:/Users/yekat/Documents/uni/aa/lab7/report/tech_part.tex:25: LaTeX Error: Unic
ode character в (U+0432)
               not set up for use with LaTeX.

See the LaTeX manual or LaTeX Companion for explanation.
Type  H <return>  for immediate help.
 ...                                              
                                                  
l.25 ...�и использования 'оглав
                                                  ление' вместо '...

You may provide a definition with
\DeclareUnicodeCharacter 


C:/Users/yekat/Documents/uni/aa/lab7/report/tech_part.tex:25: LaTeX Error: Unic
ode character л (U+043B)
               not set up for use with LaTeX.

See the LaTeX manual or LaTeX Companion for explanation.
Type  H <return>  for immediate help.
 ...                                              
                                                  
l.25 ...� использования 'оглавл
                                                  ение' вместо 'с...

You may provide a definition with
\DeclareUnicodeCharacter 


C:/Users/yekat/Documents/uni/aa/lab7/report/tech_part.tex:25: LaTeX Error: Unic
ode character е (U+0435)
               not set up for use with LaTeX.

See the LaTeX manual or LaTeX Companion for explanation.
Type  H <return>  for immediate help.
 ...                                              
                                                  
l.25 ...использования 'оглавле
                                                  ние' вместо 'со...

You may provide a definition with
\DeclareUnicodeCharacter 


C:/Users/yekat/Documents/uni/aa/lab7/report/tech_part.tex:25: LaTeX Error: Unic
ode character н (U+043D)
               not set up for use with LaTeX.

See the LaTeX manual or LaTeX Companion for explanation.
Type  H <return>  for immediate help.
 ...                                              
                                                  
l.25 ...спользования 'оглавлен
                                                  ие' вместо 'сод...

You may provide a definition with
\DeclareUnicodeCharacter 


C:/Users/yekat/Documents/uni/aa/lab7/report/tech_part.tex:25: LaTeX Error: Unic
ode character и (U+0438)
               not set up for use with LaTeX.

See the LaTeX manual or LaTeX Companion for explanation.
Type  H <return>  for immediate help.
 ...                                              
                                                  
l.25 ...пользования 'оглавлени
                                                  е' вместо 'соде...

You may provide a definition with
\DeclareUnicodeCharacter 


C:/Users/yekat/Documents/uni/aa/lab7/report/tech_part.tex:25: LaTeX Error: Unic
ode character е (U+0435)
               not set up for use with LaTeX.

See the LaTeX manual or LaTeX Companion for explanation.
Type  H <return>  for immediate help.
 ...                                              
                                                  
l.25 ...ользования 'оглавление
                                                  ' вместо 'содер...

You may provide a definition with
\DeclareUnicodeCharacter 

Missing character: There is no ' in font nullfont!

C:/Users/yekat/Documents/uni/aa/lab7/report/tech_part.tex:25: LaTeX Error: Unic
ode character в (U+0432)
               not set up for use with LaTeX.

See the LaTeX manual or LaTeX Companion for explanation.
Type  H <return>  for immediate help.
 ...                                              
                                                  
l.25 ...ьзования 'оглавление' в
                                                  место 'содержа...

You may provide a definition with
\DeclareUnicodeCharacter 


C:/Users/yekat/Documents/uni/aa/lab7/report/tech_part.tex:25: LaTeX Error: Unic
ode character м (U+043C)
               not set up for use with LaTeX.

See the LaTeX manual or LaTeX Companion for explanation.
Type  H <return>  for immediate help.
 ...                                              
                                                  
l.25 ...зования 'оглавление' вм
                                                  есто 'содержан...

You may provide a definition with
\DeclareUnicodeCharacter 


C:/Users/yekat/Documents/uni/aa/lab7/report/tech_part.tex:25: LaTeX Error: Unic
ode character е (U+0435)
               not set up for use with LaTeX.

See the LaTeX manual or LaTeX Companion for explanation.
Type  H <return>  for immediate help.
 ...                                              
                                                  
l.25 ...ования 'оглавление' вме
                                                  сто 'содержани...

You may provide a definition with
\DeclareUnicodeCharacter 


C:/Users/yekat/Documents/uni/aa/lab7/report/tech_part.tex:25: LaTeX Error: Unic
ode character с (U+0441)
               not set up for use with LaTeX.

See the LaTeX manual or LaTeX Companion for explanation.
Type  H <return>  for immediate help.
 ...                                              
                                                  
l.25 ...вания 'оглавление' вмес
                                                  то 'содержание...

You may provide a definition with
\DeclareUnicodeCharacter 


C:/Users/yekat/Documents/uni/aa/lab7/report/tech_part.tex:25: LaTeX Error: Unic
ode character т (U+0442)
               not set up for use with LaTeX.

See the LaTeX manual or LaTeX Companion for explanation.
Type  H <return>  for immediate help.
 ...                                              
                                                  
l.25 ...ания 'оглавление' вмест
                                                  о 'содержание' ...

You may provide a definition with
\DeclareUnicodeCharacter 


C:/Users/yekat/Documents/uni/aa/lab7/report/tech_part.tex:25: LaTeX Error: Unic
ode character о (U+043E)
               not set up for use with LaTeX.

See the LaTeX manual or LaTeX Companion for explanation.
Type  H <return>  for immediate help.
 ...                                              
                                                  
l.25 ...ния 'оглавление' вместо
                                                   'содержание' н...

You may provide a definition with
\DeclareUnicodeCharacter 

Missing character: There is no ' in font nullfont!

C:/Users/yekat/Documents/uni/aa/lab7/report/tech_part.tex:25: LaTeX Error: Unic
ode character с (U+0441)
               not set up for use with LaTeX.

See the LaTeX manual or LaTeX Companion for explanation.
Type  H <return>  for immediate help.
 ...                                              
                                                  
l.25 ...я 'оглавление' вместо 'с
                                                  одержание' не �...

You may provide a definition with
\DeclareUnicodeCharacter 


C:/Users/yekat/Documents/uni/aa/lab7/report/tech_part.tex:25: LaTeX Error: Unic
ode character о (U+043E)
               not set up for use with LaTeX.

See the LaTeX manual or LaTeX Companion for explanation.
Type  H <return>  for immediate help.
 ...                                              
                                                  
l.25 ... 'оглавление' вместо 'со
                                                  держание' не н�...

You may provide a definition with
\DeclareUnicodeCharacter 


C:/Users/yekat/Documents/uni/aa/lab7/report/tech_part.tex:25: LaTeX Error: Unic
ode character д (U+0434)
               not set up for use with LaTeX.

See the LaTeX manual or LaTeX Companion for explanation.
Type  H <return>  for immediate help.
 ...                                              
                                                  
l.25 ...оглавление' вместо 'сод
                                                  ержание' не на�...

You may provide a definition with
\DeclareUnicodeCharacter 


C:/Users/yekat/Documents/uni/aa/lab7/report/tech_part.tex:25: LaTeX Error: Unic
ode character е (U+0435)
               not set up for use with LaTeX.

See the LaTeX manual or LaTeX Companion for explanation.
Type  H <return>  for immediate help.
 ...                                              
                                                  
l.25 ...главление' вместо 'соде
                                                  ржание' не най�...

You may provide a definition with
\DeclareUnicodeCharacter 


C:/Users/yekat/Documents/uni/aa/lab7/report/tech_part.tex:25: LaTeX Error: Unic
ode character р (U+0440)
               not set up for use with LaTeX.

See the LaTeX manual or LaTeX Companion for explanation.
Type  H <return>  for immediate help.
 ...                                              
                                                  
l.25 ...лавление' вместо 'содер
                                                  жание' не найд�...

You may provide a definition with
\DeclareUnicodeCharacter 


C:/Users/yekat/Documents/uni/aa/lab7/report/tech_part.tex:25: LaTeX Error: Unic
ode character ж (U+0436)
               not set up for use with LaTeX.

See the LaTeX manual or LaTeX Companion for explanation.
Type  H <return>  for immediate help.
 ...                                              
                                                  
l.25 ...авление' вместо 'содерж
                                                  ание' не найде�...

You may provide a definition with
\DeclareUnicodeCharacter 


C:/Users/yekat/Documents/uni/aa/lab7/report/tech_part.tex:25: LaTeX Error: Unic
ode character а (U+0430)
               not set up for use with LaTeX.

See the LaTeX manual or LaTeX Companion for explanation.
Type  H <return>  for immediate help.
 ...                                              
                                                  
l.25 ...вление' вместо 'содержа
                                                  ние' не найден�...

You may provide a definition with
\DeclareUnicodeCharacter 


C:/Users/yekat/Documents/uni/aa/lab7/report/tech_part.tex:25: LaTeX Error: Unic
ode character н (U+043D)
               not set up for use with LaTeX.

See the LaTeX manual or LaTeX Companion for explanation.
Type  H <return>  for immediate help.
 ...                                              
                                                  
l.25 ...ление' вместо 'содержан
                                                  ие' не найдены ...

You may provide a definition with
\DeclareUnicodeCharacter 


C:/Users/yekat/Documents/uni/aa/lab7/report/tech_part.tex:25: LaTeX Error: Unic
ode character и (U+0438)
               not set up for use with LaTeX.

See the LaTeX manual or LaTeX Companion for explanation.
Type  H <return>  for immediate help.
 ...                                              
                                                  
l.25 ...ение' вместо 'содержани
                                                  е' не найдены \\...

You may provide a definition with
\DeclareUnicodeCharacter 


C:/Users/yekat/Documents/uni/aa/lab7/report/tech_part.tex:25: LaTeX Error: Unic
ode character е (U+0435)
               not set up for use with LaTeX.

See the LaTeX manual or LaTeX Companion for explanation.
Type  H <return>  for immediate help.
 ...                                              
                                                  
l.25 ...ние' вместо 'содержание
                                                  ' не найдены \\\h...

You may provide a definition with
\DeclareUnicodeCharacter 

Missing character: There is no ' in font nullfont!

C:/Users/yekat/Documents/uni/aa/lab7/report/tech_part.tex:25: LaTeX Error: Unic
ode character н (U+043D)
               not set up for use with LaTeX.

See the LaTeX manual or LaTeX Companion for explanation.
Type  H <return>  for immediate help.
 ...                                              
                                                  
l.25 ...е' вместо 'содержание' н
                                                  е найдены \\\hline
You may provide a definition with
\DeclareUnicodeCharacter 


C:/Users/yekat/Documents/uni/aa/lab7/report/tech_part.tex:25: LaTeX Error: Unic
ode character е (U+0435)
               not set up for use with LaTeX.

See the LaTeX manual or LaTeX Companion for explanation.
Type  H <return>  for immediate help.
 ...                                              
                                                  
l.25 ...' вместо 'содержание' не
                                                   найдены \\\hline
You may provide a definition with
\DeclareUnicodeCharacter 


C:/Users/yekat/Documents/uni/aa/lab7/report/tech_part.tex:25: LaTeX Error: Unic
ode character н (U+043D)
               not set up for use with LaTeX.

See the LaTeX manual or LaTeX Companion for explanation.
Type  H <return>  for immediate help.
 ...                                              
                                                  
l.25 ...�место 'содержание' не н
                                                  айдены \\\hline
You may provide a definition with
\DeclareUnicodeCharacter 


C:/Users/yekat/Documents/uni/aa/lab7/report/tech_part.tex:25: LaTeX Error: Unic
ode character а (U+0430)
               not set up for use with LaTeX.

See the LaTeX manual or LaTeX Companion for explanation.
Type  H <return>  for immediate help.
 ...                                              
                                                  
l.25 ...�есто 'содержание' не на
                                                  йдены \\\hline
You may provide a definition with
\DeclareUnicodeCharacter 


C:/Users/yekat/Documents/uni/aa/lab7/report/tech_part.tex:25: LaTeX Error: Unic
ode character й (U+0439)
               not set up for use with LaTeX.

See the LaTeX manual or LaTeX Companion for explanation.
Type  H <return>  for immediate help.
 ...                                              
                                                  
l.25 ...�сто 'содержание' не най
                                                  дены \\\hline
You may provide a definition with
\DeclareUnicodeCharacter 


C:/Users/yekat/Documents/uni/aa/lab7/report/tech_part.tex:25: LaTeX Error: Unic
ode character д (U+0434)
               not set up for use with LaTeX.

See the LaTeX manual or LaTeX Companion for explanation.
Type  H <return>  for immediate help.
 ...                                              
                                                  
l.25 ...�то 'содержание' не найд
                                                  ены \\\hline
You may provide a definition with
\DeclareUnicodeCharacter 


C:/Users/yekat/Documents/uni/aa/lab7/report/tech_part.tex:25: LaTeX Error: Unic
ode character е (U+0435)
               not set up for use with LaTeX.

See the LaTeX manual or LaTeX Companion for explanation.
Type  H <return>  for immediate help.
 ...                                              
                                                  
l.25 ...�о 'содержание' не найде
                                                  ны \\\hline
You may provide a definition with
\DeclareUnicodeCharacter 


C:/Users/yekat/Documents/uni/aa/lab7/report/tech_part.tex:25: LaTeX Error: Unic
ode character н (U+043D)
               not set up for use with LaTeX.

See the LaTeX manual or LaTeX Companion for explanation.
Type  H <return>  for immediate help.
 ...                                              
                                                  
l.25 ...� 'содержание' не найден
                                                  ы \\\hline
You may provide a definition with
\DeclareUnicodeCharacter 


C:/Users/yekat/Documents/uni/aa/lab7/report/tech_part.tex:25: LaTeX Error: Unic
ode character ы (U+044B)
               not set up for use with LaTeX.

See the LaTeX manual or LaTeX Companion for explanation.
Type  H <return>  for immediate help.
 ...                                              
                                                  
l.25 ...'содержание' не найдены
                                                   \\\hline
You may provide a definition with
\DeclareUnicodeCharacter 

C:/Users/yekat/Documents/uni/aa/lab7/report/tech_part.tex:25: Misplaced \noalig
n.
\hline ->\noalign 
                  {\ifnum 0=`}\fi \hrule \@height \arrayrulewidth \futurelet...
l.25 ...ржание' не найдены \\\hline
                                                  
I expect to see \noalign only after the \cr of
an alignment. Proceed, and I'll ignore this case.


C:/Users/yekat/Documents/uni/aa/lab7/report/tech_part.tex:26: LaTeX Error: Miss
ing \begin{document}.

See the LaTeX manual or LaTeX Companion for explanation.
Type  H <return>  for immediate help.
 ...                                              
                                                  
l.26 		d
        evstral-2  & Отчёт по первой лабораторной �...

You're in trouble here.  Try typing  <return>  to proceed.
If that doesn't work, type  X <return>  to quit.

Missing character: There is no d in font nullfont!
Missing character: There is no e in font nullfont!
Missing character: There is no v in font nullfont!
Missing character: There is no s in font nullfont!
Missing character: There is no t in font nullfont!
Missing character: There is no r in font nullfont!
Missing character: There is no a in font nullfont!
Missing character: There is no l in font nullfont!
Missing character: There is no - in font nullfont!
Missing character: There is no 2 in font nullfont!
C:/Users/yekat/Documents/uni/aa/lab7/report/tech_part.tex:26: Misplaced alignme
nt tab character &.
l.26 		devstral-2  &
                     Отчёт по первой лабораторной �...
I can't figure out why you would want to use a tab mark
here. If you just want an ampersand, the remedy is
simple: Just type `I\&' now. But if some right brace
up above has ended a previous alignment prematurely,
you're probably due for more error messages, and you
might try typing `S' now just to see what is salvageable.


C:/Users/yekat/Documents/uni/aa/lab7/report/tech_part.tex:26: LaTeX Error: Unic
ode character О (U+041E)
               not set up for use with LaTeX.

See the LaTeX manual or LaTeX Companion for explanation.
Type  H <return>  for immediate help.
 ...                                              
                                                  
l.26 		devstral-2  & О
                       тчёт по первой лабораторной �...

You may provide a definition with
\DeclareUnicodeCharacter 


C:/Users/yekat/Documents/uni/aa/lab7/report/tech_part.tex:26: LaTeX Error: Unic
ode character т (U+0442)
               not set up for use with LaTeX.

See the LaTeX manual or LaTeX Companion for explanation.
Type  H <return>  for immediate help.
 ...                                              
                                                  
l.26 		devstral-2  & От
                         чёт по первой лабораторной �...

You may provide a definition with
\DeclareUnicodeCharacter 


C:/Users/yekat/Documents/uni/aa/lab7/report/tech_part.tex:26: LaTeX Error: Unic
ode character ч (U+0447)
               not set up for use with LaTeX.

See the LaTeX manual or LaTeX Companion for explanation.
Type  H <return>  for immediate help.
 ...                                              
                                                  
l.26 		devstral-2  & Отч
                           ёт по первой лабораторной �...

You may provide a definition with
\DeclareUnicodeCharacter 


C:/Users/yekat/Documents/uni/aa/lab7/report/tech_part.tex:26: LaTeX Error: Unic
ode character ё (U+0451)
               not set up for use with LaTeX.

See the LaTeX manual or LaTeX Companion for explanation.
Type  H <return>  for immediate help.
 ...                                              
                                                  
l.26 		devstral-2  & Отчё
                             т по первой лабораторной �...

You may provide a definition with
\DeclareUnicodeCharacter 


C:/Users/yekat/Documents/uni/aa/lab7/report/tech_part.tex:26: LaTeX Error: Unic
ode character т (U+0442)
               not set up for use with LaTeX.

See the LaTeX manual or LaTeX Companion for explanation.
Type  H <return>  for immediate help.
 ...                                              
                                                  
l.26 		devstral-2  & Отчёт
                                по первой лабораторной �...

You may provide a definition with
\DeclareUnicodeCharacter 


C:/Users/yekat/Documents/uni/aa/lab7/report/tech_part.tex:26: LaTeX Error: Unic
ode character п (U+043F)
               not set up for use with LaTeX.

See the LaTeX manual or LaTeX Companion for explanation.
Type  H <return>  for immediate help.
 ...                                              
                                                  
l.26 		devstral-2  & Отчёт п
                                  о первой лабораторной �...

You may provide a definition with
\DeclareUnicodeCharacter 


C:/Users/yekat/Documents/uni/aa/lab7/report/tech_part.tex:26: LaTeX Error: Unic
ode character о (U+043E)
               not set up for use with LaTeX.

See the LaTeX manual or LaTeX Companion for explanation.
Type  H <return>  for immediate help.
 ...                                              
                                                  
l.26 		devstral-2  & Отчёт по
                                     первой лабораторной �...

You may provide a definition with
\DeclareUnicodeCharacter 


C:/Users/yekat/Documents/uni/aa/lab7/report/tech_part.tex:26: LaTeX Error: Unic
ode character п (U+043F)
               not set up for use with LaTeX.

See the LaTeX manual or LaTeX Companion for explanation.
Type  H <return>  for immediate help.
 ...                                              
                                                  
l.26 		devstral-2  & Отчёт по п
                                       ервой лабораторной �...

You may provide a definition with
\DeclareUnicodeCharacter 


C:/Users/yekat/Documents/uni/aa/lab7/report/tech_part.tex:26: LaTeX Error: Unic
ode character е (U+0435)
               not set up for use with LaTeX.

See the LaTeX manual or LaTeX Companion for explanation.
Type  H <return>  for immediate help.
 ...                                              
                                                  
l.26 		devstral-2  & Отчёт по пе
                                         рвой лабораторной �...

You may provide a definition with
\DeclareUnicodeCharacter 


C:/Users/yekat/Documents/uni/aa/lab7/report/tech_part.tex:26: LaTeX Error: Unic
ode character р (U+0440)
               not set up for use with LaTeX.

See the LaTeX manual or LaTeX Companion for explanation.
Type  H <return>  for immediate help.
 ...                                              
                                                  
l.26 		devstral-2  & Отчёт по пер
                                           вой лабораторной �...

You may provide a definition with
\DeclareUnicodeCharacter 


C:/Users/yekat/Documents/uni/aa/lab7/report/tech_part.tex:26: LaTeX Error: Unic
ode character в (U+0432)
               not set up for use with LaTeX.

See the LaTeX manual or LaTeX Companion for explanation.
Type  H <return>  for immediate help.
 ...                                              
                                                  
l.26 		devstral-2  & Отчёт по перв
                                             ой лабораторной �...

You may provide a definition with
\DeclareUnicodeCharacter 


C:/Users/yekat/Documents/uni/aa/lab7/report/tech_part.tex:26: LaTeX Error: Unic
ode character о (U+043E)
               not set up for use with LaTeX.

See the LaTeX manual or LaTeX Companion for explanation.
Type  H <return>  for immediate help.
 ...                                              
                                                  
l.26 		devstral-2  & Отчёт по перво
                                               й лабораторной �...

You may provide a definition with
\DeclareUnicodeCharacter 


C:/Users/yekat/Documents/uni/aa/lab7/report/tech_part.tex:26: LaTeX Error: Unic
ode character й (U+0439)
               not set up for use with LaTeX.

See the LaTeX manual or LaTeX Companion for explanation.
Type  H <return>  for immediate help.
 ...                                              
                                                  
l.26 		devstral-2  & Отчёт по первой
                                                  лабораторной �...

You may provide a definition with
\DeclareUnicodeCharacter 


C:/Users/yekat/Documents/uni/aa/lab7/report/tech_part.tex:26: LaTeX Error: Unic
ode character л (U+043B)
               not set up for use with LaTeX.

See the LaTeX manual or LaTeX Companion for explanation.
Type  H <return>  for immediate help.
 ...                                              
                                                  
l.26 ...stral-2  & Отчёт по первой л
                                                  абораторной р�...

You may provide a definition with
\DeclareUnicodeCharacter 


C:/Users/yekat/Documents/uni/aa/lab7/report/tech_part.tex:26: LaTeX Error: Unic
ode character а (U+0430)
               not set up for use with LaTeX.

See the LaTeX manual or LaTeX Companion for explanation.
Type  H <return>  for immediate help.
 ...                                              
                                                  
l.26 ...ral-2  & Отчёт по первой ла
                                                  бораторной ра�...

You may provide a definition with
\DeclareUnicodeCharacter 


C:/Users/yekat/Documents/uni/aa/lab7/report/tech_part.tex:26: LaTeX Error: Unic
ode character б (U+0431)
               not set up for use with LaTeX.

See the LaTeX manual or LaTeX Companion for explanation.
Type  H <return>  for immediate help.
 ...                                              
                                                  
l.26 ...l-2  & Отчёт по первой лаб
                                                  ораторной раб�...

You may provide a definition with
\DeclareUnicodeCharacter 


C:/Users/yekat/Documents/uni/aa/lab7/report/tech_part.tex:26: LaTeX Error: Unic
ode character о (U+043E)
               not set up for use with LaTeX.

See the LaTeX manual or LaTeX Companion for explanation.
Type  H <return>  for immediate help.
 ...                                              
                                                  
l.26 ...2  & Отчёт по первой лабо
                                                  раторной рабо�...

You may provide a definition with
\DeclareUnicodeCharacter 


C:/Users/yekat/Documents/uni/aa/lab7/report/tech_part.tex:26: LaTeX Error: Unic
ode character р (U+0440)
               not set up for use with LaTeX.

See the LaTeX manual or LaTeX Companion for explanation.
Type  H <return>  for immediate help.
 ...                                              
                                                  
l.26 ... & Отчёт по первой лабор
                                                  аторной работ�...

You may provide a definition with
\DeclareUnicodeCharacter 


C:/Users/yekat/Documents/uni/aa/lab7/report/tech_part.tex:26: LaTeX Error: Unic
ode character а (U+0430)
               not set up for use with LaTeX.

See the LaTeX manual or LaTeX Companion for explanation.
Type  H <return>  for immediate help.
 ...                                              
                                                  
l.26 ... Отчёт по первой лабора
                                                  торной работе ...

You may provide a definition with
\DeclareUnicodeCharacter 


C:/Users/yekat/Documents/uni/aa/lab7/report/tech_part.tex:26: LaTeX Error: Unic
ode character т (U+0442)
               not set up for use with LaTeX.

See the LaTeX manual or LaTeX Companion for explanation.
Type  H <return>  for immediate help.
 ...                                              
                                                  
l.26 ...�тчёт по первой лаборат
                                                  орной работе & ...

You may provide a definition with
\DeclareUnicodeCharacter 


C:/Users/yekat/Documents/uni/aa/lab7/report/tech_part.tex:26: LaTeX Error: Unic
ode character о (U+043E)
               not set up for use with LaTeX.

See the LaTeX manual or LaTeX Companion for explanation.
Type  H <return>  for immediate help.
 ...                                              
                                                  
l.26 ...�чёт по первой лаборато
                                                  рной работе & В...

You may provide a definition with
\DeclareUnicodeCharacter 


C:/Users/yekat/Documents/uni/aa/lab7/report/tech_part.tex:26: LaTeX Error: Unic
ode character р (U+0440)
               not set up for use with LaTeX.

See the LaTeX manual or LaTeX Companion for explanation.
Type  H <return>  for immediate help.
 ...                                              
                                                  
l.26 ...�ёт по первой лаборатор
                                                  ной работе & В �...

You may provide a definition with
\DeclareUnicodeCharacter 


C:/Users/yekat/Documents/uni/aa/lab7/report/tech_part.tex:26: LaTeX Error: Unic
ode character н (U+043D)
               not set up for use with LaTeX.

See the LaTeX manual or LaTeX Companion for explanation.
Type  H <return>  for immediate help.
 ...                                              
                                                  
l.26 ...�т по первой лабораторн
                                                  ой работе & В ф�...

You may provide a definition with
\DeclareUnicodeCharacter 


C:/Users/yekat/Documents/uni/aa/lab7/report/tech_part.tex:26: LaTeX Error: Unic
ode character о (U+043E)
               not set up for use with LaTeX.

See the LaTeX manual or LaTeX Companion for explanation.
Type  H <return>  for immediate help.
 ...                                              
                                                  
l.26 ...� по первой лабораторно
                                                  й работе & В фа�...

You may provide a definition with
\DeclareUnicodeCharacter 


C:/Users/yekat/Documents/uni/aa/lab7/report/tech_part.tex:26: LaTeX Error: Unic
ode character й (U+0439)
               not set up for use with LaTeX.

See the LaTeX manual or LaTeX Companion for explanation.
Type  H <return>  for immediate help.
 ...                                              
                                                  
l.26 ...по первой лабораторной
                                                   работе & В фай�...

You may provide a definition with
\DeclareUnicodeCharacter 


C:/Users/yekat/Documents/uni/aa/lab7/report/tech_part.tex:26: LaTeX Error: Unic
ode character р (U+0440)
               not set up for use with LaTeX.

See the LaTeX manual or LaTeX Companion for explanation.
Type  H <return>  for immediate help.
 ...                                              
                                                  
l.26 ...� первой лабораторной р
                                                  аботе & В файле...

You may provide a definition with
\DeclareUnicodeCharacter 


C:/Users/yekat/Documents/uni/aa/lab7/report/tech_part.tex:26: LaTeX Error: Unic
ode character а (U+0430)
               not set up for use with LaTeX.

See the LaTeX manual or LaTeX Companion for explanation.
Type  H <return>  for immediate help.
 ...                                              
                                                  
l.26 ...первой лабораторной ра
                                                  боте & В файле �...

You may provide a definition with
\DeclareUnicodeCharacter 


C:/Users/yekat/Documents/uni/aa/lab7/report/tech_part.tex:26: LaTeX Error: Unic
ode character б (U+0431)
               not set up for use with LaTeX.

See the LaTeX manual or LaTeX Companion for explanation.
Type  H <return>  for immediate help.
 ...                                              
                                                  
l.26 ...ервой лабораторной раб
                                                  оте & В файле и�...

You may provide a definition with
\DeclareUnicodeCharacter 


C:/Users/yekat/Documents/uni/aa/lab7/report/tech_part.tex:26: LaTeX Error: Unic
ode character о (U+043E)
               not set up for use with LaTeX.

See the LaTeX manual or LaTeX Companion for explanation.
Type  H <return>  for immediate help.
 ...                                              
                                                  
l.26 ...рвой лабораторной рабо
                                                  те & В файле ис�...

You may provide a definition with
\DeclareUnicodeCharacter 


C:/Users/yekat/Documents/uni/aa/lab7/report/tech_part.tex:26: LaTeX Error: Unic
ode character т (U+0442)
               not set up for use with LaTeX.

See the LaTeX manual or LaTeX Companion for explanation.
Type  H <return>  for immediate help.
 ...                                              
                                                  
l.26 ...вой лабораторной работ
                                                  е & В файле исп�...

You may provide a definition with
\DeclareUnicodeCharacter 


C:/Users/yekat/Documents/uni/aa/lab7/report/tech_part.tex:26: LaTeX Error: Unic
ode character е (U+0435)
               not set up for use with LaTeX.

See the LaTeX manual or LaTeX Companion for explanation.
Type  H <return>  for immediate help.
 ...                                              
                                                  
l.26 ...ой лабораторной работе
                                                   & В файле испо�...

You may provide a definition with
\DeclareUnicodeCharacter 

C:/Users/yekat/Documents/uni/aa/lab7/report/tech_part.tex:26: Misplaced alignme
nt tab character &.
l.26 ...й лабораторной работе &
                                                   В файле испол�...
I can't figure out why you would want to use a tab mark
here. If you just want an ampersand, the remedy is
simple: Just type `I\&' now. But if some right brace
up above has ended a previous alignment prematurely,
you're probably due for more error messages, and you
might try typing `S' now just to see what is salvageable.


C:/Users/yekat/Documents/uni/aa/lab7/report/tech_part.tex:26: LaTeX Error: Unic
ode character В (U+0412)
               not set up for use with LaTeX.

See the LaTeX manual or LaTeX Companion for explanation.
Type  H <return>  for immediate help.
 ...                                              
                                                  
l.26 ...лабораторной работе & В
                                                   файле использ...

You may provide a definition with
\DeclareUnicodeCharacter 


C:/Users/yekat/Documents/uni/aa/lab7/report/tech_part.tex:26: LaTeX Error: Unic
ode character ф (U+0444)
               not set up for use with LaTeX.

See the LaTeX manual or LaTeX Companion for explanation.
Type  H <return>  for immediate help.
 ...                                              
                                                  
l.26 ...�бораторной работе & В ф
                                                  айле использу�...

You may provide a definition with
\DeclareUnicodeCharacter 


C:/Users/yekat/Documents/uni/aa/lab7/report/tech_part.tex:26: LaTeX Error: Unic
ode character а (U+0430)
               not set up for use with LaTeX.

See the LaTeX manual or LaTeX Companion for explanation.
Type  H <return>  for immediate help.
 ...                                              
                                                  
l.26 ...�ораторной работе & В фа
                                                  йле используе�...

You may provide a definition with
\DeclareUnicodeCharacter 


C:/Users/yekat/Documents/uni/aa/lab7/report/tech_part.tex:26: LaTeX Error: Unic
ode character й (U+0439)
               not set up for use with LaTeX.

See the LaTeX manual or LaTeX Companion for explanation.
Type  H <return>  for immediate help.
 ...                                              
                                                  
l.26 ...�раторной работе & В фай
                                                  ле использует�...

You may provide a definition with
\DeclareUnicodeCharacter 


C:/Users/yekat/Documents/uni/aa/lab7/report/tech_part.tex:26: LaTeX Error: Unic
ode character л (U+043B)
               not set up for use with LaTeX.

See the LaTeX manual or LaTeX Companion for explanation.
Type  H <return>  for immediate help.
 ...                                              
                                                  
l.26 ...�аторной работе & В файл
                                                  е используетс�...

You may provide a definition with
\DeclareUnicodeCharacter 


C:/Users/yekat/Documents/uni/aa/lab7/report/tech_part.tex:26: LaTeX Error: Unic
ode character е (U+0435)
               not set up for use with LaTeX.

See the LaTeX manual or LaTeX Companion for explanation.
Type  H <return>  for immediate help.
 ...                                              
                                                  
l.26 ...�торной работе & В файле
                                                   используется ...

You may provide a definition with
\DeclareUnicodeCharacter 


C:/Users/yekat/Documents/uni/aa/lab7/report/tech_part.tex:26: LaTeX Error: Unic
ode character и (U+0438)
               not set up for use with LaTeX.

See the LaTeX manual or LaTeX Companion for explanation.
Type  H <return>  for immediate help.
 ...                                              
                                                  
l.26 ...орной работе & В файле и
                                                  спользуется 'с...

You may provide a definition with
\DeclareUnicodeCharacter 


C:/Users/yekat/Documents/uni/aa/lab7/report/tech_part.tex:26: LaTeX Error: Unic
ode character с (U+0441)
               not set up for use with LaTeX.

See the LaTeX manual or LaTeX Companion for explanation.
Type  H <return>  for immediate help.
 ...                                              
                                                  
l.26 ...рной работе & В файле ис
                                                  пользуется 'со...

You may provide a definition with
\DeclareUnicodeCharacter 


C:/Users/yekat/Documents/uni/aa/lab7/report/tech_part.tex:26: LaTeX Error: Unic
ode character п (U+043F)
               not set up for use with LaTeX.

See the LaTeX manual or LaTeX Companion for explanation.
Type  H <return>  for immediate help.
 ...                                              
                                                  
l.26 ...ной работе & В файле исп
                                                  ользуется 'сод...

You may provide a definition with
\DeclareUnicodeCharacter 


C:/Users/yekat/Documents/uni/aa/lab7/report/tech_part.tex:26: LaTeX Error: Unic
ode character о (U+043E)
               not set up for use with LaTeX.

See the LaTeX manual or LaTeX Companion for explanation.
Type  H <return>  for immediate help.
 ...                                              
                                                  
l.26 ...ой работе & В файле испо
                                                  льзуется 'соде...

You may provide a definition with
\DeclareUnicodeCharacter 


C:/Users/yekat/Documents/uni/aa/lab7/report/tech_part.tex:26: LaTeX Error: Unic
ode character л (U+043B)
               not set up for use with LaTeX.

See the LaTeX manual or LaTeX Companion for explanation.
Type  H <return>  for immediate help.
 ...                                              
                                                  
l.26 ...й работе & В файле испол
                                                  ьзуется 'содер...

You may provide a definition with
\DeclareUnicodeCharacter 


C:/Users/yekat/Documents/uni/aa/lab7/report/tech_part.tex:26: LaTeX Error: Unic
ode character ь (U+044C)
               not set up for use with LaTeX.

See the LaTeX manual or LaTeX Companion for explanation.
Type  H <return>  for immediate help.
 ...                                              
                                                  
l.26 ... работе & В файле исполь
                                                  зуется 'содерж...

You may provide a definition with
\DeclareUnicodeCharacter 


C:/Users/yekat/Documents/uni/aa/lab7/report/tech_part.tex:26: LaTeX Error: Unic
ode character з (U+0437)
               not set up for use with LaTeX.

See the LaTeX manual or LaTeX Companion for explanation.
Type  H <return>  for immediate help.
 ...                                              
                                                  
l.26 ...�аботе & В файле использ
                                                  уется 'содержа...

You may provide a definition with
\DeclareUnicodeCharacter 


C:/Users/yekat/Documents/uni/aa/lab7/report/tech_part.tex:26: LaTeX Error: Unic
ode character у (U+0443)
               not set up for use with LaTeX.

See the LaTeX manual or LaTeX Companion for explanation.
Type  H <return>  for immediate help.
 ...                                              
                                                  
l.26 ...�боте & В файле использу
                                                  ется 'содержан...

You may provide a definition with
\DeclareUnicodeCharacter 


C:/Users/yekat/Documents/uni/aa/lab7/report/tech_part.tex:26: LaTeX Error: Unic
ode character е (U+0435)
               not set up for use with LaTeX.

See the LaTeX manual or LaTeX Companion for explanation.
Type  H <return>  for immediate help.
 ...                                              
                                                  
l.26 ...�оте & В файле используе
                                                  тся 'содержани...

You may provide a definition with
\DeclareUnicodeCharacter 


C:/Users/yekat/Documents/uni/aa/lab7/report/tech_part.tex:26: LaTeX Error: Unic
ode character т (U+0442)
               not set up for use with LaTeX.

See the LaTeX manual or LaTeX Companion for explanation.
Type  H <return>  for immediate help.
 ...                                              
                                                  
l.26 ...�те & В файле использует
                                                  ся 'содержание...

You may provide a definition with
\DeclareUnicodeCharacter 


C:/Users/yekat/Documents/uni/aa/lab7/report/tech_part.tex:26: LaTeX Error: Unic
ode character с (U+0441)
               not set up for use with LaTeX.

See the LaTeX manual or LaTeX Companion for explanation.
Type  H <return>  for immediate help.
 ...                                              
                                                  
l.26 ...�е & В файле используетс
                                                  я 'содержание' ...

You may provide a definition with
\DeclareUnicodeCharacter 


C:/Users/yekat/Documents/uni/aa/lab7/report/tech_part.tex:26: LaTeX Error: Unic
ode character я (U+044F)
               not set up for use with LaTeX.

See the LaTeX manual or LaTeX Companion for explanation.
Type  H <return>  for immediate help.
 ...                                              
                                                  
l.26 ...� & В файле используется
                                                   'содержание' (�...

You may provide a definition with
\DeclareUnicodeCharacter 

Missing character: There is no ' in font nullfont!

C:/Users/yekat/Documents/uni/aa/lab7/report/tech_part.tex:26: LaTeX Error: Unic
ode character с (U+0441)
               not set up for use with LaTeX.

See the LaTeX manual or LaTeX Companion for explanation.
Type  H <return>  for immediate help.
 ...                                              
                                                  
l.26 ...В файле используется 'с
                                                  одержание' (не ...

You may provide a definition with
\DeclareUnicodeCharacter 


C:/Users/yekat/Documents/uni/aa/lab7/report/tech_part.tex:26: LaTeX Error: Unic
ode character о (U+043E)
               not set up for use with LaTeX.

See the LaTeX manual or LaTeX Companion for explanation.
Type  H <return>  for immediate help.
 ...                                              
                                                  
l.26 ... файле используется 'со
                                                  держание' (не '�...

You may provide a definition with
\DeclareUnicodeCharacter 


C:/Users/yekat/Documents/uni/aa/lab7/report/tech_part.tex:26: LaTeX Error: Unic
ode character д (U+0434)
               not set up for use with LaTeX.

See the LaTeX manual or LaTeX Companion for explanation.
Type  H <return>  for immediate help.
 ...                                              
                                                  
l.26 ...�айле используется 'сод
                                                  ержание' (не 'о�...

You may provide a definition with
\DeclareUnicodeCharacter 


C:/Users/yekat/Documents/uni/aa/lab7/report/tech_part.tex:26: LaTeX Error: Unic
ode character е (U+0435)
               not set up for use with LaTeX.

See the LaTeX manual or LaTeX Companion for explanation.
Type  H <return>  for immediate help.
 ...                                              
                                                  
l.26 ...�йле используется 'соде
                                                  ржание' (не 'ог�...

You may provide a definition with
\DeclareUnicodeCharacter 


C:/Users/yekat/Documents/uni/aa/lab7/report/tech_part.tex:26: LaTeX Error: Unic
ode character р (U+0440)
               not set up for use with LaTeX.

See the LaTeX manual or LaTeX Companion for explanation.
Type  H <return>  for immediate help.
 ...                                              
                                                  
l.26 ...�ле используется 'содер
                                                  жание' (не 'огл�...

You may provide a definition with
\DeclareUnicodeCharacter 


C:/Users/yekat/Documents/uni/aa/lab7/report/tech_part.tex:26: LaTeX Error: Unic
ode character ж (U+0436)
               not set up for use with LaTeX.

See the LaTeX manual or LaTeX Companion for explanation.
Type  H <return>  for immediate help.
 ...                                              
                                                  
l.26 ...�е используется 'содерж
                                                  ание' (не 'огла�...

You may provide a definition with
\DeclareUnicodeCharacter 


C:/Users/yekat/Documents/uni/aa/lab7/report/tech_part.tex:26: LaTeX Error: Unic
ode character а (U+0430)
               not set up for use with LaTeX.

See the LaTeX manual or LaTeX Companion for explanation.
Type  H <return>  for immediate help.
 ...                                              
                                                  
l.26 ...� используется 'содержа
                                                  ние' (не 'оглав�...

You may provide a definition with
\DeclareUnicodeCharacter 


C:/Users/yekat/Documents/uni/aa/lab7/report/tech_part.tex:26: LaTeX Error: Unic
ode character н (U+043D)
               not set up for use with LaTeX.

See the LaTeX manual or LaTeX Companion for explanation.
Type  H <return>  for immediate help.
 ...                                              
                                                  
l.26 ...используется 'содержан
                                                  ие' (не 'оглавл�...

You may provide a definition with
\DeclareUnicodeCharacter 


C:/Users/yekat/Documents/uni/aa/lab7/report/tech_part.tex:26: LaTeX Error: Unic
ode character и (U+0438)
               not set up for use with LaTeX.

See the LaTeX manual or LaTeX Companion for explanation.
Type  H <return>  for immediate help.
 ...                                              
                                                  
l.26 ...спользуется 'содержани
                                                  е' (не 'оглавле�...

You may provide a definition with
\DeclareUnicodeCharacter 


C:/Users/yekat/Documents/uni/aa/lab7/report/tech_part.tex:26: LaTeX Error: Unic
ode character е (U+0435)
               not set up for use with LaTeX.

See the LaTeX manual or LaTeX Companion for explanation.
Type  H <return>  for immediate help.
 ...                                              
                                                  
l.26 ...пользуется 'содержание
                                                  ' (не 'оглавлен�...

You may provide a definition with
\DeclareUnicodeCharacter 

Missing character: There is no ' in font nullfont!
Missing character: There is no ( in font nullfont!

C:/Users/yekat/Documents/uni/aa/lab7/report/tech_part.tex:26: LaTeX Error: Unic
ode character н (U+043D)
               not set up for use with LaTeX.

See the LaTeX manual or LaTeX Companion for explanation.
Type  H <return>  for immediate help.
 ...                                              
                                                  
l.26 ...�ьзуется 'содержание' (н
                                                  е 'оглавление')...

You may provide a definition with
\DeclareUnicodeCharacter 


C:/Users/yekat/Documents/uni/aa/lab7/report/tech_part.tex:26: LaTeX Error: Unic
ode character е (U+0435)
               not set up for use with LaTeX.

See the LaTeX manual or LaTeX Companion for explanation.
Type  H <return>  for immediate help.
 ...                                              
                                                  
l.26 ...�зуется 'содержание' (не
                                                   'оглавление'). ...

You may provide a definition with
\DeclareUnicodeCharacter 

Missing character: There is no ' in font nullfont!

C:/Users/yekat/Documents/uni/aa/lab7/report/tech_part.tex:26: LaTeX Error: Unic
ode character о (U+043E)
               not set up for use with LaTeX.

See the LaTeX manual or LaTeX Companion for explanation.
Type  H <return>  for immediate help.
 ...                                              
                                                  
l.26 ...�ется 'содержание' (не 'о
                                                  главление'). \\\h...

You may provide a definition with
\DeclareUnicodeCharacter 


C:/Users/yekat/Documents/uni/aa/lab7/report/tech_part.tex:26: LaTeX Error: Unic
ode character г (U+0433)
               not set up for use with LaTeX.

See the LaTeX manual or LaTeX Companion for explanation.
Type  H <return>  for immediate help.
 ...                                              
                                                  
l.26 ...�тся 'содержание' (не 'ог
                                                  лавление'). \\\hline
You may provide a definition with
\DeclareUnicodeCharacter 


C:/Users/yekat/Documents/uni/aa/lab7/report/tech_part.tex:26: LaTeX Error: Unic
ode character л (U+043B)
               not set up for use with LaTeX.

See the LaTeX manual or LaTeX Companion for explanation.
Type  H <return>  for immediate help.
 ...                                              
                                                  
l.26 ...�ся 'содержание' (не 'огл
                                                  авление'). \\\hline
You may provide a definition with
\DeclareUnicodeCharacter 


C:/Users/yekat/Documents/uni/aa/lab7/report/tech_part.tex:26: LaTeX Error: Unic
ode character а (U+0430)
               not set up for use with LaTeX.

See the LaTeX manual or LaTeX Companion for explanation.
Type  H <return>  for immediate help.
 ...                                              
                                                  
l.26 ...�я 'содержание' (не 'огла
                                                  вление'). \\\hline
You may provide a definition with
\DeclareUnicodeCharacter 


C:/Users/yekat/Documents/uni/aa/lab7/report/tech_part.tex:26: LaTeX Error: Unic
ode character в (U+0432)
               not set up for use with LaTeX.

See the LaTeX manual or LaTeX Companion for explanation.
Type  H <return>  for immediate help.
 ...                                              
                                                  
l.26 ...� 'содержание' (не 'оглав
                                                  ление'). \\\hline
You may provide a definition with
\DeclareUnicodeCharacter 


C:/Users/yekat/Documents/uni/aa/lab7/report/tech_part.tex:26: LaTeX Error: Unic
ode character л (U+043B)
               not set up for use with LaTeX.

See the LaTeX manual or LaTeX Companion for explanation.
Type  H <return>  for immediate help.
 ...                                              
                                                  
l.26 ...'содержание' (не 'оглавл
                                                  ение'). \\\hline
You may provide a definition with
\DeclareUnicodeCharacter 


C:/Users/yekat/Documents/uni/aa/lab7/report/tech_part.tex:26: LaTeX Error: Unic
ode character е (U+0435)
               not set up for use with LaTeX.

See the LaTeX manual or LaTeX Companion for explanation.
Type  H <return>  for immediate help.
 ...                                              
                                                  
l.26 ...�одержание' (не 'оглавле
                                                  ние'). \\\hline
You may provide a definition with
\DeclareUnicodeCharacter 


C:/Users/yekat/Documents/uni/aa/lab7/report/tech_part.tex:26: LaTeX Error: Unic
ode character н (U+043D)
               not set up for use with LaTeX.

See the LaTeX manual or LaTeX Companion for explanation.
Type  H <return>  for immediate help.
 ...                                              
                                                  
l.26 ...�держание' (не 'оглавлен
                                                  ие'). \\\hline
You may provide a definition with
\DeclareUnicodeCharacter 


C:/Users/yekat/Documents/uni/aa/lab7/report/tech_part.tex:26: LaTeX Error: Unic
ode character и (U+0438)
               not set up for use with LaTeX.

See the LaTeX manual or LaTeX Companion for explanation.
Type  H <return>  for immediate help.
 ...                                              
                                                  
l.26 ...�ержание' (не 'оглавлени
                                                  е'). \\\hline
You may provide a definition with
\DeclareUnicodeCharacter 


C:/Users/yekat/Documents/uni/aa/lab7/report/tech_part.tex:26: LaTeX Error: Unic
ode character е (U+0435)
               not set up for use with LaTeX.

See the LaTeX manual or LaTeX Companion for explanation.
Type  H <return>  for immediate help.
 ...                                              
                                                  
l.26 ...�ржание' (не 'оглавление
                                                  '). \\\hline
You may provide a definition with
\DeclareUnicodeCharacter 

Missing character: There is no ' in font nullfont!
Missing character: There is no ) in font nullfont!
Missing character: There is no . in font nullfont!
C:/Users/yekat/Documents/uni/aa/lab7/report/tech_part.tex:26: Misplaced \noalig
n.
\hline ->\noalign 
                  {\ifnum 0=`}\fi \hrule \@height \arrayrulewidth \futurelet...
l.26 ...�' (не 'оглавление'). \\\hline
                                                  
I expect to see \noalign only after the \cr of
an alignment. Proceed, and I'll ignore this case.


C:/Users/yekat/Documents/uni/aa/lab7/report/tech_part.tex:27: LaTeX Error: Miss
ing \begin{document}.

See the LaTeX manual or LaTeX Companion for explanation.
Type  H <return>  for immediate help.
 ...                                              
                                                  
l.27 		c
        ogito-2.1  & Отчёт по первой лабораторной �...

You're in trouble here.  Try typing  <return>  to proceed.
If that doesn't work, type  X <return>  to quit.

Missing character: There is no c in font nullfont!
Missing character: There is no o in font nullfont!
Missing character: There is no g in font nullfont!
Missing character: There is no i in font nullfont!
Missing character: There is no t in font nullfont!
Missing character: There is no o in font nullfont!
Missing character: There is no - in font nullfont!
Missing character: There is no 2 in font nullfont!
Missing character: There is no . in font nullfont!
Missing character: There is no 1 in font nullfont!
C:/Users/yekat/Documents/uni/aa/lab7/report/tech_part.tex:27: Misplaced alignme
nt tab character &.
l.27 		cogito-2.1  &
                     Отчёт по первой лабораторной �...
I can't figure out why you would want to use a tab mark
here. If you just want an ampersand, the remedy is
simple: Just type `I\&' now. But if some right brace
up above has ended a previous alignment prematurely,
you're probably due for more error messages, and you
might try typing `S' now just to see what is salvageable.


C:/Users/yekat/Documents/uni/aa/lab7/report/tech_part.tex:27: LaTeX Error: Unic
ode character О (U+041E)
               not set up for use with LaTeX.

See the LaTeX manual or LaTeX Companion for explanation.
Type  H <return>  for immediate help.
 ...                                              
                                                  
l.27 		cogito-2.1  & О
                       тчёт по первой лабораторной �...

You may provide a definition with
\DeclareUnicodeCharacter 


C:/Users/yekat/Documents/uni/aa/lab7/report/tech_part.tex:27: LaTeX Error: Unic
ode character т (U+0442)
               not set up for use with LaTeX.

See the LaTeX manual or LaTeX Companion for explanation.
Type  H <return>  for immediate help.
 ...                                              
                                                  
l.27 		cogito-2.1  & От
                         чёт по первой лабораторной �...

You may provide a definition with
\DeclareUnicodeCharacter 


C:/Users/yekat/Documents/uni/aa/lab7/report/tech_part.tex:27: LaTeX Error: Unic
ode character ч (U+0447)
               not set up for use with LaTeX.

See the LaTeX manual or LaTeX Companion for explanation.
Type  H <return>  for immediate help.
 ...                                              
                                                  
l.27 		cogito-2.1  & Отч
                           ёт по первой лабораторной �...

You may provide a definition with
\DeclareUnicodeCharacter 


C:/Users/yekat/Documents/uni/aa/lab7/report/tech_part.tex:27: LaTeX Error: Unic
ode character ё (U+0451)
               not set up for use with LaTeX.

See the LaTeX manual or LaTeX Companion for explanation.
Type  H <return>  for immediate help.
 ...                                              
                                                  
l.27 		cogito-2.1  & Отчё
                             т по первой лабораторной �...

You may provide a definition with
\DeclareUnicodeCharacter 


C:/Users/yekat/Documents/uni/aa/lab7/report/tech_part.tex:27: LaTeX Error: Unic
ode character т (U+0442)
               not set up for use with LaTeX.

See the LaTeX manual or LaTeX Companion for explanation.
Type  H <return>  for immediate help.
 ...                                              
                                                  
l.27 		cogito-2.1  & Отчёт
                                по первой лабораторной �...

You may provide a definition with
\DeclareUnicodeCharacter 


C:/Users/yekat/Documents/uni/aa/lab7/report/tech_part.tex:27: LaTeX Error: Unic
ode character п (U+043F)
               not set up for use with LaTeX.

See the LaTeX manual or LaTeX Companion for explanation.
Type  H <return>  for immediate help.
 ...                                              
                                                  
l.27 		cogito-2.1  & Отчёт п
                                  о первой лабораторной �...

You may provide a definition with
\DeclareUnicodeCharacter 


C:/Users/yekat/Documents/uni/aa/lab7/report/tech_part.tex:27: LaTeX Error: Unic
ode character о (U+043E)
               not set up for use with LaTeX.

See the LaTeX manual or LaTeX Companion for explanation.
Type  H <return>  for immediate help.
 ...                                              
                                                  
l.27 		cogito-2.1  & Отчёт по
                                     первой лабораторной �...

You may provide a definition with
\DeclareUnicodeCharacter 


C:/Users/yekat/Documents/uni/aa/lab7/report/tech_part.tex:27: LaTeX Error: Unic
ode character п (U+043F)
               not set up for use with LaTeX.

See the LaTeX manual or LaTeX Companion for explanation.
Type  H <return>  for immediate help.
 ...                                              
                                                  
l.27 		cogito-2.1  & Отчёт по п
                                       ервой лабораторной �...

You may provide a definition with
\DeclareUnicodeCharacter 


C:/Users/yekat/Documents/uni/aa/lab7/report/tech_part.tex:27: LaTeX Error: Unic
ode character е (U+0435)
               not set up for use with LaTeX.

See the LaTeX manual or LaTeX Companion for explanation.
Type  H <return>  for immediate help.
 ...                                              
                                                  
l.27 		cogito-2.1  & Отчёт по пе
                                         рвой лабораторной �...

You may provide a definition with
\DeclareUnicodeCharacter 


C:/Users/yekat/Documents/uni/aa/lab7/report/tech_part.tex:27: LaTeX Error: Unic
ode character р (U+0440)
               not set up for use with LaTeX.

See the LaTeX manual or LaTeX Companion for explanation.
Type  H <return>  for immediate help.
 ...                                              
                                                  
l.27 		cogito-2.1  & Отчёт по пер
                                           вой лабораторной �...

You may provide a definition with
\DeclareUnicodeCharacter 


C:/Users/yekat/Documents/uni/aa/lab7/report/tech_part.tex:27: LaTeX Error: Unic
ode character в (U+0432)
               not set up for use with LaTeX.

See the LaTeX manual or LaTeX Companion for explanation.
Type  H <return>  for immediate help.
 ...                                              
                                                  
l.27 		cogito-2.1  & Отчёт по перв
                                             ой лабораторной �...

You may provide a definition with
\DeclareUnicodeCharacter 


C:/Users/yekat/Documents/uni/aa/lab7/report/tech_part.tex:27: LaTeX Error: Unic
ode character о (U+043E)
               not set up for use with LaTeX.

See the LaTeX manual or LaTeX Companion for explanation.
Type  H <return>  for immediate help.
 ...                                              
                                                  
l.27 		cogito-2.1  & Отчёт по перво
                                               й лабораторной �...

You may provide a definition with
\DeclareUnicodeCharacter 


C:/Users/yekat/Documents/uni/aa/lab7/report/tech_part.tex:27: LaTeX Error: Unic
ode character й (U+0439)
               not set up for use with LaTeX.

See the LaTeX manual or LaTeX Companion for explanation.
Type  H <return>  for immediate help.
 ...                                              
                                                  
l.27 		cogito-2.1  & Отчёт по первой
                                                  лабораторной �...

You may provide a definition with
\DeclareUnicodeCharacter 


C:/Users/yekat/Documents/uni/aa/lab7/report/tech_part.tex:27: LaTeX Error: Unic
ode character л (U+043B)
               not set up for use with LaTeX.

See the LaTeX manual or LaTeX Companion for explanation.
Type  H <return>  for immediate help.
 ...                                              
                                                  
l.27 ...ito-2.1  & Отчёт по первой л
                                                  абораторной р�...

You may provide a definition with
\DeclareUnicodeCharacter 


C:/Users/yekat/Documents/uni/aa/lab7/report/tech_part.tex:27: LaTeX Error: Unic
ode character а (U+0430)
               not set up for use with LaTeX.

See the LaTeX manual or LaTeX Companion for explanation.
Type  H <return>  for immediate help.
 ...                                              
                                                  
l.27 ...o-2.1  & Отчёт по первой ла
                                                  бораторной ра�...

You may provide a definition with
\DeclareUnicodeCharacter 


C:/Users/yekat/Documents/uni/aa/lab7/report/tech_part.tex:27: LaTeX Error: Unic
ode character б (U+0431)
               not set up for use with LaTeX.

See the LaTeX manual or LaTeX Companion for explanation.
Type  H <return>  for immediate help.
 ...                                              
                                                  
l.27 ...2.1  & Отчёт по первой лаб
                                                  ораторной раб�...

You may provide a definition with
\DeclareUnicodeCharacter 


C:/Users/yekat/Documents/uni/aa/lab7/report/tech_part.tex:27: LaTeX Error: Unic
ode character о (U+043E)
               not set up for use with LaTeX.

See the LaTeX manual or LaTeX Companion for explanation.
Type  H <return>  for immediate help.
 ...                                              
                                                  
l.27 ...1  & Отчёт по первой лабо
                                                  раторной рабо�...

You may provide a definition with
\DeclareUnicodeCharacter 


C:/Users/yekat/Documents/uni/aa/lab7/report/tech_part.tex:27: LaTeX Error: Unic
ode character р (U+0440)
               not set up for use with LaTeX.

See the LaTeX manual or LaTeX Companion for explanation.
Type  H <return>  for immediate help.
 ...                                              
                                                  
l.27 ... & Отчёт по первой лабор
                                                  аторной работ�...

You may provide a definition with
\DeclareUnicodeCharacter 


C:/Users/yekat/Documents/uni/aa/lab7/report/tech_part.tex:27: LaTeX Error: Unic
ode character а (U+0430)
               not set up for use with LaTeX.

See the LaTeX manual or LaTeX Companion for explanation.
Type  H <return>  for immediate help.
 ...                                              
                                                  
l.27 ... Отчёт по первой лабора
                                                  торной работе ...

You may provide a definition with
\DeclareUnicodeCharacter 


C:/Users/yekat/Documents/uni/aa/lab7/report/tech_part.tex:27: LaTeX Error: Unic
ode character т (U+0442)
               not set up for use with LaTeX.

See the LaTeX manual or LaTeX Companion for explanation.
Type  H <return>  for immediate help.
 ...                                              
                                                  
l.27 ...�тчёт по первой лаборат
                                                  орной работе & ...

You may provide a definition with
\DeclareUnicodeCharacter 


C:/Users/yekat/Documents/uni/aa/lab7/report/tech_part.tex:27: LaTeX Error: Unic
ode character о (U+043E)
               not set up for use with LaTeX.

See the LaTeX manual or LaTeX Companion for explanation.
Type  H <return>  for immediate help.
 ...                                              
                                                  
l.27 ...�чёт по первой лаборато
                                                  рной работе & У...

You may provide a definition with
\DeclareUnicodeCharacter 


C:/Users/yekat/Documents/uni/aa/lab7/report/tech_part.tex:27: LaTeX Error: Unic
ode character р (U+0440)
               not set up for use with LaTeX.

See the LaTeX manual or LaTeX Companion for explanation.
Type  H <return>  for immediate help.
 ...                                              
                                                  
l.27 ...�ёт по первой лаборатор
                                                  ной работе & Уп...

You may provide a definition with
\DeclareUnicodeCharacter 


C:/Users/yekat/Documents/uni/aa/lab7/report/tech_part.tex:27: LaTeX Error: Unic
ode character н (U+043D)
               not set up for use with LaTeX.

See the LaTeX manual or LaTeX Companion for explanation.
Type  H <return>  for immediate help.
 ...                                              
                                                  
l.27 ...�т по первой лабораторн
                                                  ой работе & Упо...

You may provide a definition with
\DeclareUnicodeCharacter 


C:/Users/yekat/Documents/uni/aa/lab7/report/tech_part.tex:27: LaTeX Error: Unic
ode character о (U+043E)
               not set up for use with LaTeX.

See the LaTeX manual or LaTeX Companion for explanation.
Type  H <return>  for immediate help.
 ...                                              
                                                  
l.27 ...� по первой лабораторно
                                                  й работе & Упом...

You may provide a definition with
\DeclareUnicodeCharacter 


C:/Users/yekat/Documents/uni/aa/lab7/report/tech_part.tex:27: LaTeX Error: Unic
ode character й (U+0439)
               not set up for use with LaTeX.

See the LaTeX manual or LaTeX Companion for explanation.
Type  H <return>  for immediate help.
 ...                                              
                                                  
l.27 ...по первой лабораторной
                                                   работе & Упоми...

You may provide a definition with
\DeclareUnicodeCharacter 


C:/Users/yekat/Documents/uni/aa/lab7/report/tech_part.tex:27: LaTeX Error: Unic
ode character р (U+0440)
               not set up for use with LaTeX.

See the LaTeX manual or LaTeX Companion for explanation.
Type  H <return>  for immediate help.
 ...                                              
                                                  
l.27 ...� первой лабораторной р
                                                  аботе & Упомин�...

You may provide a definition with
\DeclareUnicodeCharacter 


C:/Users/yekat/Documents/uni/aa/lab7/report/tech_part.tex:27: LaTeX Error: Unic
ode character а (U+0430)
               not set up for use with LaTeX.

See the LaTeX manual or LaTeX Companion for explanation.
Type  H <return>  for immediate help.
 ...                                              
                                                  
l.27 ...первой лабораторной ра
                                                  боте & Упомина�...

You may provide a definition with
\DeclareUnicodeCharacter 


C:/Users/yekat/Documents/uni/aa/lab7/report/tech_part.tex:27: LaTeX Error: Unic
ode character б (U+0431)
               not set up for use with LaTeX.

See the LaTeX manual or LaTeX Companion for explanation.
Type  H <return>  for immediate help.
 ...                                              
                                                  
l.27 ...ервой лабораторной раб
                                                  оте & Упоминан�...

You may provide a definition with
\DeclareUnicodeCharacter 


C:/Users/yekat/Documents/uni/aa/lab7/report/tech_part.tex:27: LaTeX Error: Unic
ode character о (U+043E)
               not set up for use with LaTeX.

See the LaTeX manual or LaTeX Companion for explanation.
Type  H <return>  for immediate help.
 ...                                              
                                                  
l.27 ...рвой лабораторной рабо
                                                  те & Упоминани�...

You may provide a definition with
\DeclareUnicodeCharacter 


C:/Users/yekat/Documents/uni/aa/lab7/report/tech_part.tex:27: LaTeX Error: Unic
ode character т (U+0442)
               not set up for use with LaTeX.

See the LaTeX manual or LaTeX Companion for explanation.
Type  H <return>  for immediate help.
 ...                                              
                                                  
l.27 ...вой лабораторной работ
                                                  е & Упоминания ...

You may provide a definition with
\DeclareUnicodeCharacter 


C:/Users/yekat/Documents/uni/aa/lab7/report/tech_part.tex:27: LaTeX Error: Unic
ode character е (U+0435)
               not set up for use with LaTeX.

See the LaTeX manual or LaTeX Companion for explanation.
Type  H <return>  for immediate help.
 ...                                              
                                                  
l.27 ...ой лабораторной работе
                                                   & Упоминания '�...

You may provide a definition with
\DeclareUnicodeCharacter 

C:/Users/yekat/Documents/uni/aa/lab7/report/tech_part.tex:27: Misplaced alignme
nt tab character &.
l.27 ...й лабораторной работе &
                                                   Упоминания 'о�...
I can't figure out why you would want to use a tab mark
here. If you just want an ampersand, the remedy is
simple: Just type `I\&' now. But if some right brace
up above has ended a previous alignment prematurely,
you're probably due for more error messages, and you
might try typing `S' now just to see what is salvageable.


C:/Users/yekat/Documents/uni/aa/lab7/report/tech_part.tex:27: LaTeX Error: Unic
ode character У (U+0423)
               not set up for use with LaTeX.

See the LaTeX manual or LaTeX Companion for explanation.
Type  H <return>  for immediate help.
 ...                                              
                                                  
l.27 ...лабораторной работе & У
                                                  поминания 'огл...

You may provide a definition with
\DeclareUnicodeCharacter 


C:/Users/yekat/Documents/uni/aa/lab7/report/tech_part.tex:27: LaTeX Error: Unic
ode character п (U+043F)
               not set up for use with LaTeX.

See the LaTeX manual or LaTeX Companion for explanation.
Type  H <return>  for immediate help.
 ...                                              
                                                  
l.27 ...абораторной работе & Уп
                                                  оминания 'огла...

You may provide a definition with
\DeclareUnicodeCharacter 


C:/Users/yekat/Documents/uni/aa/lab7/report/tech_part.tex:27: LaTeX Error: Unic
ode character о (U+043E)
               not set up for use with LaTeX.

See the LaTeX manual or LaTeX Companion for explanation.
Type  H <return>  for immediate help.
 ...                                              
                                                  
l.27 ...бораторной работе & Упо
                                                  минания 'оглав...

You may provide a definition with
\DeclareUnicodeCharacter 


C:/Users/yekat/Documents/uni/aa/lab7/report/tech_part.tex:27: LaTeX Error: Unic
ode character м (U+043C)
               not set up for use with LaTeX.

See the LaTeX manual or LaTeX Companion for explanation.
Type  H <return>  for immediate help.
 ...                                              
                                                  
l.27 ...ораторной работе & Упом
                                                  инания 'оглавл...

You may provide a definition with
\DeclareUnicodeCharacter 


C:/Users/yekat/Documents/uni/aa/lab7/report/tech_part.tex:27: LaTeX Error: Unic
ode character и (U+0438)
               not set up for use with LaTeX.

See the LaTeX manual or LaTeX Companion for explanation.
Type  H <return>  for immediate help.
 ...                                              
                                                  
l.27 ...раторной работе & Упоми
                                                  нания 'оглавле...

You may provide a definition with
\DeclareUnicodeCharacter 


C:/Users/yekat/Documents/uni/aa/lab7/report/tech_part.tex:27: LaTeX Error: Unic
ode character н (U+043D)
               not set up for use with LaTeX.

See the LaTeX manual or LaTeX Companion for explanation.
Type  H <return>  for immediate help.
 ...                                              
                                                  
l.27 ...аторной работе & Упомин
                                                  ания 'оглавлен...

You may provide a definition with
\DeclareUnicodeCharacter 


C:/Users/yekat/Documents/uni/aa/lab7/report/tech_part.tex:27: LaTeX Error: Unic
ode character а (U+0430)
               not set up for use with LaTeX.

See the LaTeX manual or LaTeX Companion for explanation.
Type  H <return>  for immediate help.
 ...                                              
                                                  
l.27 ...торной работе & Упомина
                                                  ния 'оглавлени...

You may provide a definition with
\DeclareUnicodeCharacter 


C:/Users/yekat/Documents/uni/aa/lab7/report/tech_part.tex:27: LaTeX Error: Unic
ode character н (U+043D)
               not set up for use with LaTeX.

See the LaTeX manual or LaTeX Companion for explanation.
Type  H <return>  for immediate help.
 ...                                              
                                                  
l.27 ...орной работе & Упоминан
                                                  ия 'оглавление...

You may provide a definition with
\DeclareUnicodeCharacter 


C:/Users/yekat/Documents/uni/aa/lab7/report/tech_part.tex:27: LaTeX Error: Unic
ode character и (U+0438)
               not set up for use with LaTeX.

See the LaTeX manual or LaTeX Companion for explanation.
Type  H <return>  for immediate help.
 ...                                              
                                                  
l.27 ...рной работе & Упоминани
                                                  я 'оглавление' ...

You may provide a definition with
\DeclareUnicodeCharacter 


C:/Users/yekat/Documents/uni/aa/lab7/report/tech_part.tex:27: LaTeX Error: Unic
ode character я (U+044F)
               not set up for use with LaTeX.

See the LaTeX manual or LaTeX Companion for explanation.
Type  H <return>  for immediate help.
 ...                                              
                                                  
l.27 ...ной работе & Упоминания
                                                   'оглавление' и...

You may provide a definition with
\DeclareUnicodeCharacter 

Missing character: There is no ' in font nullfont!

C:/Users/yekat/Documents/uni/aa/lab7/report/tech_part.tex:27: LaTeX Error: Unic
ode character о (U+043E)
               not set up for use with LaTeX.

See the LaTeX manual or LaTeX Companion for explanation.
Type  H <return>  for immediate help.
 ...                                              
                                                  
l.27 ...й работе & Упоминания 'о
                                                  главление' или...

You may provide a definition with
\DeclareUnicodeCharacter 


C:/Users/yekat/Documents/uni/aa/lab7/report/tech_part.tex:27: LaTeX Error: Unic
ode character г (U+0433)
               not set up for use with LaTeX.

See the LaTeX manual or LaTeX Companion for explanation.
Type  H <return>  for immediate help.
 ...                                              
                                                  
l.27 ... работе & Упоминания 'ог
                                                  лавление' или '...

You may provide a definition with
\DeclareUnicodeCharacter 


C:/Users/yekat/Documents/uni/aa/lab7/report/tech_part.tex:27: LaTeX Error: Unic
ode character л (U+043B)
               not set up for use with LaTeX.

See the LaTeX manual or LaTeX Companion for explanation.
Type  H <return>  for immediate help.
 ...                                              
                                                  
l.27 ...�аботе & Упоминания 'огл
                                                  авление' или 'с...

You may provide a definition with
\DeclareUnicodeCharacter 


C:/Users/yekat/Documents/uni/aa/lab7/report/tech_part.tex:27: LaTeX Error: Unic
ode character а (U+0430)
               not set up for use with LaTeX.

See the LaTeX manual or LaTeX Companion for explanation.
Type  H <return>  for immediate help.
 ...                                              
                                                  
l.27 ...�боте & Упоминания 'огла
                                                  вление' или 'со...

You may provide a definition with
\DeclareUnicodeCharacter 


C:/Users/yekat/Documents/uni/aa/lab7/report/tech_part.tex:27: LaTeX Error: Unic
ode character в (U+0432)
               not set up for use with LaTeX.

See the LaTeX manual or LaTeX Companion for explanation.
Type  H <return>  for immediate help.
 ...                                              
                                                  
l.27 ...�оте & Упоминания 'оглав
                                                  ление' или 'сод...

You may provide a definition with
\DeclareUnicodeCharacter 


C:/Users/yekat/Documents/uni/aa/lab7/report/tech_part.tex:27: LaTeX Error: Unic
ode character л (U+043B)
               not set up for use with LaTeX.

See the LaTeX manual or LaTeX Companion for explanation.
Type  H <return>  for immediate help.
 ...                                              
                                                  
l.27 ...�те & Упоминания 'оглавл
                                                  ение' или 'соде...

You may provide a definition with
\DeclareUnicodeCharacter 


C:/Users/yekat/Documents/uni/aa/lab7/report/tech_part.tex:27: LaTeX Error: Unic
ode character е (U+0435)
               not set up for use with LaTeX.

See the LaTeX manual or LaTeX Companion for explanation.
Type  H <return>  for immediate help.
 ...                                              
                                                  
l.27 ...�е & Упоминания 'оглавле
                                                  ние' или 'содер...

You may provide a definition with
\DeclareUnicodeCharacter 


C:/Users/yekat/Documents/uni/aa/lab7/report/tech_part.tex:27: LaTeX Error: Unic
ode character н (U+043D)
               not set up for use with LaTeX.

See the LaTeX manual or LaTeX Companion for explanation.
Type  H <return>  for immediate help.
 ...                                              
                                                  
l.27 ...� & Упоминания 'оглавлен
                                                  ие' или 'содерж...

You may provide a definition with
\DeclareUnicodeCharacter 


C:/Users/yekat/Documents/uni/aa/lab7/report/tech_part.tex:27: LaTeX Error: Unic
ode character и (U+0438)
               not set up for use with LaTeX.

See the LaTeX manual or LaTeX Companion for explanation.
Type  H <return>  for immediate help.
 ...                                              
                                                  
l.27 ...& Упоминания 'оглавлени
                                                  е' или 'содержа...

You may provide a definition with
\DeclareUnicodeCharacter 


C:/Users/yekat/Documents/uni/aa/lab7/report/tech_part.tex:27: LaTeX Error: Unic
ode character е (U+0435)
               not set up for use with LaTeX.

See the LaTeX manual or LaTeX Companion for explanation.
Type  H <return>  for immediate help.
 ...                                              
                                                  
l.27 ...Упоминания 'оглавление
                                                  ' или 'содержан...

You may provide a definition with
\DeclareUnicodeCharacter 

Missing character: There is no ' in font nullfont!

C:/Users/yekat/Documents/uni/aa/lab7/report/tech_part.tex:27: LaTeX Error: Unic
ode character и (U+0438)
               not set up for use with LaTeX.

See the LaTeX manual or LaTeX Companion for explanation.
Type  H <return>  for immediate help.
 ...                                              
                                                  
l.27 ...оминания 'оглавление' и
                                                  ли 'содержание...

You may provide a definition with
\DeclareUnicodeCharacter 


C:/Users/yekat/Documents/uni/aa/lab7/report/tech_part.tex:27: LaTeX Error: Unic
ode character л (U+043B)
               not set up for use with LaTeX.

See the LaTeX manual or LaTeX Companion for explanation.
Type  H <return>  for immediate help.
 ...                                              
                                                  
l.27 ...минания 'оглавление' ил
                                                  и 'содержание' ...

You may provide a definition with
\DeclareUnicodeCharacter 


C:/Users/yekat/Documents/uni/aa/lab7/report/tech_part.tex:27: LaTeX Error: Unic
ode character и (U+0438)
               not set up for use with LaTeX.

See the LaTeX manual or LaTeX Companion for explanation.
Type  H <return>  for immediate help.
 ...                                              
                                                  
l.27 ...инания 'оглавление' или
                                                   'содержание' н...

You may provide a definition with
\DeclareUnicodeCharacter 

Missing character: There is no ' in font nullfont!

C:/Users/yekat/Documents/uni/aa/lab7/report/tech_part.tex:27: LaTeX Error: Unic
ode character с (U+0441)
               not set up for use with LaTeX.

See the LaTeX manual or LaTeX Companion for explanation.
Type  H <return>  for immediate help.
 ...                                              
                                                  
l.27 ...ания 'оглавление' или 'с
                                                  одержание' не �...

You may provide a definition with
\DeclareUnicodeCharacter 


C:/Users/yekat/Documents/uni/aa/lab7/report/tech_part.tex:27: LaTeX Error: Unic
ode character о (U+043E)
               not set up for use with LaTeX.

See the LaTeX manual or LaTeX Companion for explanation.
Type  H <return>  for immediate help.
 ...                                              
                                                  
l.27 ...ния 'оглавление' или 'со
                                                  держание' не н�...

You may provide a definition with
\DeclareUnicodeCharacter 


C:/Users/yekat/Documents/uni/aa/lab7/report/tech_part.tex:27: LaTeX Error: Unic
ode character д (U+0434)
               not set up for use with LaTeX.

See the LaTeX manual or LaTeX Companion for explanation.
Type  H <return>  for immediate help.
 ...                                              
                                                  
l.27 ...ия 'оглавление' или 'сод
                                                  ержание' не на�...

You may provide a definition with
\DeclareUnicodeCharacter 


C:/Users/yekat/Documents/uni/aa/lab7/report/tech_part.tex:27: LaTeX Error: Unic
ode character е (U+0435)
               not set up for use with LaTeX.

See the LaTeX manual or LaTeX Companion for explanation.
Type  H <return>  for immediate help.
 ...                                              
                                                  
l.27 ...я 'оглавление' или 'соде
                                                  ржание' не най�...

You may provide a definition with
\DeclareUnicodeCharacter 


C:/Users/yekat/Documents/uni/aa/lab7/report/tech_part.tex:27: LaTeX Error: Unic
ode character р (U+0440)
               not set up for use with LaTeX.

See the LaTeX manual or LaTeX Companion for explanation.
Type  H <return>  for immediate help.
 ...                                              
                                                  
l.27 ... 'оглавление' или 'содер
                                                  жание' не найд�...

You may provide a definition with
\DeclareUnicodeCharacter 


C:/Users/yekat/Documents/uni/aa/lab7/report/tech_part.tex:27: LaTeX Error: Unic
ode character ж (U+0436)
               not set up for use with LaTeX.

See the LaTeX manual or LaTeX Companion for explanation.
Type  H <return>  for immediate help.
 ...                                              
                                                  
l.27 ...оглавление' или 'содерж
                                                  ание' не найде�...

You may provide a definition with
\DeclareUnicodeCharacter 


C:/Users/yekat/Documents/uni/aa/lab7/report/tech_part.tex:27: LaTeX Error: Unic
ode character а (U+0430)
               not set up for use with LaTeX.

See the LaTeX manual or LaTeX Companion for explanation.
Type  H <return>  for immediate help.
 ...                                              
                                                  
l.27 ...главление' или 'содержа
                                                  ние' не найден�...

You may provide a definition with
\DeclareUnicodeCharacter 


C:/Users/yekat/Documents/uni/aa/lab7/report/tech_part.tex:27: LaTeX Error: Unic
ode character н (U+043D)
               not set up for use with LaTeX.

See the LaTeX manual or LaTeX Companion for explanation.
Type  H <return>  for immediate help.
 ...                                              
                                                  
l.27 ...лавление' или 'содержан
                                                  ие' не найдены....

You may provide a definition with
\DeclareUnicodeCharacter 


C:/Users/yekat/Documents/uni/aa/lab7/report/tech_part.tex:27: LaTeX Error: Unic
ode character и (U+0438)
               not set up for use with LaTeX.

See the LaTeX manual or LaTeX Companion for explanation.
Type  H <return>  for immediate help.
 ...                                              
                                                  
l.27 ...авление' или 'содержани
                                                  е' не найдены. \...

You may provide a definition with
\DeclareUnicodeCharacter 


C:/Users/yekat/Documents/uni/aa/lab7/report/tech_part.tex:27: LaTeX Error: Unic
ode character е (U+0435)
               not set up for use with LaTeX.

See the LaTeX manual or LaTeX Companion for explanation.
Type  H <return>  for immediate help.
 ...                                              
                                                  
l.27 ...вление' или 'содержание
                                                  ' не найдены. \\\...

You may provide a definition with
\DeclareUnicodeCharacter 

Missing character: There is no ' in font nullfont!

C:/Users/yekat/Documents/uni/aa/lab7/report/tech_part.tex:27: LaTeX Error: Unic
ode character н (U+043D)
               not set up for use with LaTeX.

See the LaTeX manual or LaTeX Companion for explanation.
Type  H <return>  for immediate help.
 ...                                              
                                                  
l.27 ...ение' или 'содержание' н
                                                  е найдены. \\\hline
You may provide a definition with
\DeclareUnicodeCharacter 


C:/Users/yekat/Documents/uni/aa/lab7/report/tech_part.tex:27: LaTeX Error: Unic
ode character е (U+0435)
               not set up for use with LaTeX.

See the LaTeX manual or LaTeX Companion for explanation.
Type  H <return>  for immediate help.
 ...                                              
                                                  
l.27 ...ние' или 'содержание' не
                                                   найдены. \\\hline
You may provide a definition with
\DeclareUnicodeCharacter 


C:/Users/yekat/Documents/uni/aa/lab7/report/tech_part.tex:27: LaTeX Error: Unic
ode character н (U+043D)
               not set up for use with LaTeX.

See the LaTeX manual or LaTeX Companion for explanation.
Type  H <return>  for immediate help.
 ...                                              
                                                  
l.27 ...�е' или 'содержание' не н
                                                  айдены. \\\hline
You may provide a definition with
\DeclareUnicodeCharacter 


C:/Users/yekat/Documents/uni/aa/lab7/report/tech_part.tex:27: LaTeX Error: Unic
ode character а (U+0430)
               not set up for use with LaTeX.

See the LaTeX manual or LaTeX Companion for explanation.
Type  H <return>  for immediate help.
 ...                                              
                                                  
l.27 ...�' или 'содержание' не на
                                                  йдены. \\\hline
You may provide a definition with
\DeclareUnicodeCharacter 


C:/Users/yekat/Documents/uni/aa/lab7/report/tech_part.tex:27: LaTeX Error: Unic
ode character й (U+0439)
               not set up for use with LaTeX.

See the LaTeX manual or LaTeX Companion for explanation.
Type  H <return>  for immediate help.
 ...                                              
                                                  
l.27 ... или 'содержание' не най
                                                  дены. \\\hline
You may provide a definition with
\DeclareUnicodeCharacter 


C:/Users/yekat/Documents/uni/aa/lab7/report/tech_part.tex:27: LaTeX Error: Unic
ode character д (U+0434)
               not set up for use with LaTeX.

See the LaTeX manual or LaTeX Companion for explanation.
Type  H <return>  for immediate help.
 ...                                              
                                                  
l.27 ...�ли 'содержание' не найд
                                                  ены. \\\hline
You may provide a definition with
\DeclareUnicodeCharacter 


C:/Users/yekat/Documents/uni/aa/lab7/report/tech_part.tex:27: LaTeX Error: Unic
ode character е (U+0435)
               not set up for use with LaTeX.

See the LaTeX manual or LaTeX Companion for explanation.
Type  H <return>  for immediate help.
 ...                                              
                                                  
l.27 ...�и 'содержание' не найде
                                                  ны. \\\hline
You may provide a definition with
\DeclareUnicodeCharacter 


C:/Users/yekat/Documents/uni/aa/lab7/report/tech_part.tex:27: LaTeX Error: Unic
ode character н (U+043D)
               not set up for use with LaTeX.

See the LaTeX manual or LaTeX Companion for explanation.
Type  H <return>  for immediate help.
 ...                                              
                                                  
l.27 ...� 'содержание' не найден
                                                  ы. \\\hline
You may provide a definition with
\DeclareUnicodeCharacter 


C:/Users/yekat/Documents/uni/aa/lab7/report/tech_part.tex:27: LaTeX Error: Unic
ode character ы (U+044B)
               not set up for use with LaTeX.

See the LaTeX manual or LaTeX Companion for explanation.
Type  H <return>  for immediate help.
 ...                                              
                                                  
l.27 ...'содержание' не найдены
                                                  . \\\hline
You may provide a definition with
\DeclareUnicodeCharacter 

Missing character: There is no . in font nullfont!
C:/Users/yekat/Documents/uni/aa/lab7/report/tech_part.tex:27: Misplaced \noalig
n.
\hline ->\noalign 
                  {\ifnum 0=`}\fi \hrule \@height \arrayrulewidth \futurelet...
l.27 ...�жание' не найдены. \\\hline
                                                  
I expect to see \noalign only after the \cr of
an alignment. Proceed, and I'll ignore this case.


C:/Users/yekat/Documents/uni/aa/lab7/report/tech_part.tex:28: LaTeX Error: Miss
ing \begin{document}.

See the LaTeX manual or LaTeX Companion for explanation.
Type  H <return>  for immediate help.
 ...                                              
                                                  
l.28 		g
        emma3      & Отчёт по первой лабораторной �...

You're in trouble here.  Try typing  <return>  to proceed.
If that doesn't work, type  X <return>  to quit.

Missing character: There is no g in font nullfont!
Missing character: There is no e in font nullfont!
Missing character: There is no m in font nullfont!
Missing character: There is no m in font nullfont!
Missing character: There is no a in font nullfont!
Missing character: There is no 3 in font nullfont!
C:/Users/yekat/Documents/uni/aa/lab7/report/tech_part.tex:28: Misplaced alignme
nt tab character &.
l.28 		gemma3      &
                     Отчёт по первой лабораторной �...
I can't figure out why you would want to use a tab mark
here. If you just want an ampersand, the remedy is
simple: Just type `I\&' now. But if some right brace
up above has ended a previous alignment prematurely,
you're probably due for more error messages, and you
might try typing `S' now just to see what is salvageable.


C:/Users/yekat/Documents/uni/aa/lab7/report/tech_part.tex:28: LaTeX Error: Unic
ode character О (U+041E)
               not set up for use with LaTeX.

See the LaTeX manual or LaTeX Companion for explanation.
Type  H <return>  for immediate help.
 ...                                              
                                                  
l.28 		gemma3      & О
                       тчёт по первой лабораторной �...

You may provide a definition with
\DeclareUnicodeCharacter 


C:/Users/yekat/Documents/uni/aa/lab7/report/tech_part.tex:28: LaTeX Error: Unic
ode character т (U+0442)
               not set up for use with LaTeX.

See the LaTeX manual or LaTeX Companion for explanation.
Type  H <return>  for immediate help.
 ...                                              
                                                  
l.28 		gemma3      & От
                         чёт по первой лабораторной �...

You may provide a definition with
\DeclareUnicodeCharacter 


C:/Users/yekat/Documents/uni/aa/lab7/report/tech_part.tex:28: LaTeX Error: Unic
ode character ч (U+0447)
               not set up for use with LaTeX.

See the LaTeX manual or LaTeX Companion for explanation.
Type  H <return>  for immediate help.
 ...                                              
                                                  
l.28 		gemma3      & Отч
                           ёт по первой лабораторной �...

You may provide a definition with
\DeclareUnicodeCharacter 


C:/Users/yekat/Documents/uni/aa/lab7/report/tech_part.tex:28: LaTeX Error: Unic
ode character ё (U+0451)
               not set up for use with LaTeX.

See the LaTeX manual or LaTeX Companion for explanation.
Type  H <return>  for immediate help.
 ...                                              
                                                  
l.28 		gemma3      & Отчё
                             т по первой лабораторной �...

You may provide a definition with
\DeclareUnicodeCharacter 


C:/Users/yekat/Documents/uni/aa/lab7/report/tech_part.tex:28: LaTeX Error: Unic
ode character т (U+0442)
               not set up for use with LaTeX.

See the LaTeX manual or LaTeX Companion for explanation.
Type  H <return>  for immediate help.
 ...                                              
                                                  
l.28 		gemma3      & Отчёт
                                по первой лабораторной �...

You may provide a definition with
\DeclareUnicodeCharacter 


C:/Users/yekat/Documents/uni/aa/lab7/report/tech_part.tex:28: LaTeX Error: Unic
ode character п (U+043F)
               not set up for use with LaTeX.

See the LaTeX manual or LaTeX Companion for explanation.
Type  H <return>  for immediate help.
 ...                                              
                                                  
l.28 		gemma3      & Отчёт п
                                  о первой лабораторной �...

You may provide a definition with
\DeclareUnicodeCharacter 


C:/Users/yekat/Documents/uni/aa/lab7/report/tech_part.tex:28: LaTeX Error: Unic
ode character о (U+043E)
               not set up for use with LaTeX.

See the LaTeX manual or LaTeX Companion for explanation.
Type  H <return>  for immediate help.
 ...                                              
                                                  
l.28 		gemma3      & Отчёт по
                                     первой лабораторной �...

You may provide a definition with
\DeclareUnicodeCharacter 


C:/Users/yekat/Documents/uni/aa/lab7/report/tech_part.tex:28: LaTeX Error: Unic
ode character п (U+043F)
               not set up for use with LaTeX.

See the LaTeX manual or LaTeX Companion for explanation.
Type  H <return>  for immediate help.
 ...                                              
                                                  
l.28 		gemma3      & Отчёт по п
                                       ервой лабораторной �...

You may provide a definition with
\DeclareUnicodeCharacter 


C:/Users/yekat/Documents/uni/aa/lab7/report/tech_part.tex:28: LaTeX Error: Unic
ode character е (U+0435)
               not set up for use with LaTeX.

See the LaTeX manual or LaTeX Companion for explanation.
Type  H <return>  for immediate help.
 ...                                              
                                                  
l.28 		gemma3      & Отчёт по пе
                                         рвой лабораторной �...

You may provide a definition with
\DeclareUnicodeCharacter 


C:/Users/yekat/Documents/uni/aa/lab7/report/tech_part.tex:28: LaTeX Error: Unic
ode character р (U+0440)
               not set up for use with LaTeX.

See the LaTeX manual or LaTeX Companion for explanation.
Type  H <return>  for immediate help.
 ...                                              
                                                  
l.28 		gemma3      & Отчёт по пер
                                           вой лабораторной �...

You may provide a definition with
\DeclareUnicodeCharacter 


C:/Users/yekat/Documents/uni/aa/lab7/report/tech_part.tex:28: LaTeX Error: Unic
ode character в (U+0432)
               not set up for use with LaTeX.

See the LaTeX manual or LaTeX Companion for explanation.
Type  H <return>  for immediate help.
 ...                                              
                                                  
l.28 		gemma3      & Отчёт по перв
                                             ой лабораторной �...

You may provide a definition with
\DeclareUnicodeCharacter 


C:/Users/yekat/Documents/uni/aa/lab7/report/tech_part.tex:28: LaTeX Error: Unic
ode character о (U+043E)
               not set up for use with LaTeX.

See the LaTeX manual or LaTeX Companion for explanation.
Type  H <return>  for immediate help.
 ...                                              
                                                  
l.28 		gemma3      & Отчёт по перво
                                               й лабораторной �...

You may provide a definition with
\DeclareUnicodeCharacter 


C:/Users/yekat/Documents/uni/aa/lab7/report/tech_part.tex:28: LaTeX Error: Unic
ode character й (U+0439)
               not set up for use with LaTeX.

See the LaTeX manual or LaTeX Companion for explanation.
Type  H <return>  for immediate help.
 ...                                              
                                                  
l.28 		gemma3      & Отчёт по первой
                                                  лабораторной �...

You may provide a definition with
\DeclareUnicodeCharacter 


C:/Users/yekat/Documents/uni/aa/lab7/report/tech_part.tex:28: LaTeX Error: Unic
ode character л (U+043B)
               not set up for use with LaTeX.

See the LaTeX manual or LaTeX Companion for explanation.
Type  H <return>  for immediate help.
 ...                                              
                                                  
l.28 ...ma3      & Отчёт по первой л
                                                  абораторной р�...

You may provide a definition with
\DeclareUnicodeCharacter 


C:/Users/yekat/Documents/uni/aa/lab7/report/tech_part.tex:28: LaTeX Error: Unic
ode character а (U+0430)
               not set up for use with LaTeX.

See the LaTeX manual or LaTeX Companion for explanation.
Type  H <return>  for immediate help.
 ...                                              
                                                  
l.28 ...3      & Отчёт по первой ла
                                                  бораторной ра�...

You may provide a definition with
\DeclareUnicodeCharacter 


C:/Users/yekat/Documents/uni/aa/lab7/report/tech_part.tex:28: LaTeX Error: Unic
ode character б (U+0431)
               not set up for use with LaTeX.

See the LaTeX manual or LaTeX Companion for explanation.
Type  H <return>  for immediate help.
 ...                                              
                                                  
l.28 ...     & Отчёт по первой лаб
                                                  ораторной раб�...

You may provide a definition with
\DeclareUnicodeCharacter 


C:/Users/yekat/Documents/uni/aa/lab7/report/tech_part.tex:28: LaTeX Error: Unic
ode character о (U+043E)
               not set up for use with LaTeX.

See the LaTeX manual or LaTeX Companion for explanation.
Type  H <return>  for immediate help.
 ...                                              
                                                  
l.28 ...   & Отчёт по первой лабо
                                                  раторной рабо�...

You may provide a definition with
\DeclareUnicodeCharacter 


C:/Users/yekat/Documents/uni/aa/lab7/report/tech_part.tex:28: LaTeX Error: Unic
ode character р (U+0440)
               not set up for use with LaTeX.

See the LaTeX manual or LaTeX Companion for explanation.
Type  H <return>  for immediate help.
 ...                                              
                                                  
l.28 ... & Отчёт по первой лабор
                                                  аторной работ�...

You may provide a definition with
\DeclareUnicodeCharacter 


C:/Users/yekat/Documents/uni/aa/lab7/report/tech_part.tex:28: LaTeX Error: Unic
ode character а (U+0430)
               not set up for use with LaTeX.

See the LaTeX manual or LaTeX Companion for explanation.
Type  H <return>  for immediate help.
 ...                                              
                                                  
l.28 ... Отчёт по первой лабора
                                                  торной работе ...

You may provide a definition with
\DeclareUnicodeCharacter 


C:/Users/yekat/Documents/uni/aa/lab7/report/tech_part.tex:28: LaTeX Error: Unic
ode character т (U+0442)
               not set up for use with LaTeX.

See the LaTeX manual or LaTeX Companion for explanation.
Type  H <return>  for immediate help.
 ...                                              
                                                  
l.28 ...�тчёт по первой лаборат
                                                  орной работе & ...

You may provide a definition with
\DeclareUnicodeCharacter 


C:/Users/yekat/Documents/uni/aa/lab7/report/tech_part.tex:28: LaTeX Error: Unic
ode character о (U+043E)
               not set up for use with LaTeX.

See the LaTeX manual or LaTeX Companion for explanation.
Type  H <return>  for immediate help.
 ...                                              
                                                  
l.28 ...�чёт по первой лаборато
                                                  рной работе & О...

You may provide a definition with
\DeclareUnicodeCharacter 


C:/Users/yekat/Documents/uni/aa/lab7/report/tech_part.tex:28: LaTeX Error: Unic
ode character р (U+0440)
               not set up for use with LaTeX.

See the LaTeX manual or LaTeX Companion for explanation.
Type  H <return>  for immediate help.
 ...                                              
                                                  
l.28 ...�ёт по первой лаборатор
                                                  ной работе & Об...

You may provide a definition with
\DeclareUnicodeCharacter 


C:/Users/yekat/Documents/uni/aa/lab7/report/tech_part.tex:28: LaTeX Error: Unic
ode character н (U+043D)
               not set up for use with LaTeX.

See the LaTeX manual or LaTeX Companion for explanation.
Type  H <return>  for immediate help.
 ...                                              
                                                  
l.28 ...�т по первой лабораторн
                                                  ой работе & Обн...

You may provide a definition with
\DeclareUnicodeCharacter 


C:/Users/yekat/Documents/uni/aa/lab7/report/tech_part.tex:28: LaTeX Error: Unic
ode character о (U+043E)
               not set up for use with LaTeX.

See the LaTeX manual or LaTeX Companion for explanation.
Type  H <return>  for immediate help.
 ...                                              
                                                  
l.28 ...� по первой лабораторно
                                                  й работе & Обна...

You may provide a definition with
\DeclareUnicodeCharacter 


C:/Users/yekat/Documents/uni/aa/lab7/report/tech_part.tex:28: LaTeX Error: Unic
ode character й (U+0439)
               not set up for use with LaTeX.

See the LaTeX manual or LaTeX Companion for explanation.
Type  H <return>  for immediate help.
 ...                                              
                                                  
l.28 ...по первой лабораторной
                                                   работе & Обнар...

You may provide a definition with
\DeclareUnicodeCharacter 


C:/Users/yekat/Documents/uni/aa/lab7/report/tech_part.tex:28: LaTeX Error: Unic
ode character р (U+0440)
               not set up for use with LaTeX.

See the LaTeX manual or LaTeX Companion for explanation.
Type  H <return>  for immediate help.
 ...                                              
                                                  
l.28 ...� первой лабораторной р
                                                  аботе & Обнару�...

You may provide a definition with
\DeclareUnicodeCharacter 


C:/Users/yekat/Documents/uni/aa/lab7/report/tech_part.tex:28: LaTeX Error: Unic
ode character а (U+0430)
               not set up for use with LaTeX.

See the LaTeX manual or LaTeX Companion for explanation.
Type  H <return>  for immediate help.
 ...                                              
                                                  
l.28 ...первой лабораторной ра
                                                  боте & Обнаруж�...

You may provide a definition with
\DeclareUnicodeCharacter 


C:/Users/yekat/Documents/uni/aa/lab7/report/tech_part.tex:28: LaTeX Error: Unic
ode character б (U+0431)
               not set up for use with LaTeX.

See the LaTeX manual or LaTeX Companion for explanation.
Type  H <return>  for immediate help.
 ...                                              
                                                  
l.28 ...ервой лабораторной раб
                                                  оте & Обнаруже�...

You may provide a definition with
\DeclareUnicodeCharacter 


C:/Users/yekat/Documents/uni/aa/lab7/report/tech_part.tex:28: LaTeX Error: Unic
ode character о (U+043E)
               not set up for use with LaTeX.

See the LaTeX manual or LaTeX Companion for explanation.
Type  H <return>  for immediate help.
 ...                                              
                                                  
l.28 ...рвой лабораторной рабо
                                                  те & Обнаружен�...

You may provide a definition with
\DeclareUnicodeCharacter 


C:/Users/yekat/Documents/uni/aa/lab7/report/tech_part.tex:28: LaTeX Error: Unic
ode character т (U+0442)
               not set up for use with LaTeX.

See the LaTeX manual or LaTeX Companion for explanation.
Type  H <return>  for immediate help.
 ...                                              
                                                  
l.28 ...вой лабораторной работ
                                                  е & Обнаружено ...

You may provide a definition with
\DeclareUnicodeCharacter 


C:/Users/yekat/Documents/uni/aa/lab7/report/tech_part.tex:28: LaTeX Error: Unic
ode character е (U+0435)
               not set up for use with LaTeX.

See the LaTeX manual or LaTeX Companion for explanation.
Type  H <return>  for immediate help.
 ...                                              
                                                  
l.28 ...ой лабораторной работе
                                                   & Обнаружено с...

You may provide a definition with
\DeclareUnicodeCharacter 

C:/Users/yekat/Documents/uni/aa/lab7/report/tech_part.tex:28: Misplaced alignme
nt tab character &.
l.28 ...й лабораторной работе &
                                                   Обнаружено со...
I can't figure out why you would want to use a tab mark
here. If you just want an ampersand, the remedy is
simple: Just type `I\&' now. But if some right brace
up above has ended a previous alignment prematurely,
you're probably due for more error messages, and you
might try typing `S' now just to see what is salvageable.


C:/Users/yekat/Documents/uni/aa/lab7/report/tech_part.tex:28: LaTeX Error: Unic
ode character О (U+041E)
               not set up for use with LaTeX.

See the LaTeX manual or LaTeX Companion for explanation.
Type  H <return>  for immediate help.
 ...                                              
                                                  
l.28 ...лабораторной работе & О
                                                  бнаружено сод�...

You may provide a definition with
\DeclareUnicodeCharacter 


C:/Users/yekat/Documents/uni/aa/lab7/report/tech_part.tex:28: LaTeX Error: Unic
ode character б (U+0431)
               not set up for use with LaTeX.

See the LaTeX manual or LaTeX Companion for explanation.
Type  H <return>  for immediate help.
 ...                                              
                                                  
l.28 ...абораторной работе & Об
                                                  наружено соде�...

You may provide a definition with
\DeclareUnicodeCharacter 


C:/Users/yekat/Documents/uni/aa/lab7/report/tech_part.tex:28: LaTeX Error: Unic
ode character н (U+043D)
               not set up for use with LaTeX.

See the LaTeX manual or LaTeX Companion for explanation.
Type  H <return>  for immediate help.
 ...                                              
                                                  
l.28 ...бораторной работе & Обн
                                                  аружено содер�...

You may provide a definition with
\DeclareUnicodeCharacter 


C:/Users/yekat/Documents/uni/aa/lab7/report/tech_part.tex:28: LaTeX Error: Unic
ode character а (U+0430)
               not set up for use with LaTeX.

See the LaTeX manual or LaTeX Companion for explanation.
Type  H <return>  for immediate help.
 ...                                              
                                                  
l.28 ...ораторной работе & Обна
                                                  ружено содерж�...

You may provide a definition with
\DeclareUnicodeCharacter 


C:/Users/yekat/Documents/uni/aa/lab7/report/tech_part.tex:28: LaTeX Error: Unic
ode character р (U+0440)
               not set up for use with LaTeX.

See the LaTeX manual or LaTeX Companion for explanation.
Type  H <return>  for immediate help.
 ...                                              
                                                  
l.28 ...раторной работе & Обнар
                                                  ужено содержа�...

You may provide a definition with
\DeclareUnicodeCharacter 


C:/Users/yekat/Documents/uni/aa/lab7/report/tech_part.tex:28: LaTeX Error: Unic
ode character у (U+0443)
               not set up for use with LaTeX.

See the LaTeX manual or LaTeX Companion for explanation.
Type  H <return>  for immediate help.
 ...                                              
                                                  
l.28 ...аторной работе & Обнару
                                                  жено содержан�...

You may provide a definition with
\DeclareUnicodeCharacter 


C:/Users/yekat/Documents/uni/aa/lab7/report/tech_part.tex:28: LaTeX Error: Unic
ode character ж (U+0436)
               not set up for use with LaTeX.

See the LaTeX manual or LaTeX Companion for explanation.
Type  H <return>  for immediate help.
 ...                                              
                                                  
l.28 ...торной работе & Обнаруж
                                                  ено содержани�...

You may provide a definition with
\DeclareUnicodeCharacter 


C:/Users/yekat/Documents/uni/aa/lab7/report/tech_part.tex:28: LaTeX Error: Unic
ode character е (U+0435)
               not set up for use with LaTeX.

See the LaTeX manual or LaTeX Companion for explanation.
Type  H <return>  for immediate help.
 ...                                              
                                                  
l.28 ...орной работе & Обнаруже
                                                  но содержание....

You may provide a definition with
\DeclareUnicodeCharacter 


C:/Users/yekat/Documents/uni/aa/lab7/report/tech_part.tex:28: LaTeX Error: Unic
ode character н (U+043D)
               not set up for use with LaTeX.

See the LaTeX manual or LaTeX Companion for explanation.
Type  H <return>  for immediate help.
 ...                                              
                                                  
l.28 ...рной работе & Обнаружен
                                                  о содержание.\n...

You may provide a definition with
\DeclareUnicodeCharacter 


C:/Users/yekat/Documents/uni/aa/lab7/report/tech_part.tex:28: LaTeX Error: Unic
ode character о (U+043E)
               not set up for use with LaTeX.

See the LaTeX manual or LaTeX Companion for explanation.
Type  H <return>  for immediate help.
 ...                                              
                                                  
l.28 ...ной работе & Обнаружено
                                                   содержание.\new...

You may provide a definition with
\DeclareUnicodeCharacter 


C:/Users/yekat/Documents/uni/aa/lab7/report/tech_part.tex:28: LaTeX Error: Unic
ode character с (U+0441)
               not set up for use with LaTeX.

See the LaTeX manual or LaTeX Companion for explanation.
Type  H <return>  for immediate help.
 ...                                              
                                                  
l.28 ...�й работе & Обнаружено с
                                                  одержание.\newlin...

You may provide a definition with
\DeclareUnicodeCharacter 


C:/Users/yekat/Documents/uni/aa/lab7/report/tech_part.tex:28: LaTeX Error: Unic
ode character о (U+043E)
               not set up for use with LaTeX.

See the LaTeX manual or LaTeX Companion for explanation.
Type  H <return>  for immediate help.
 ...                                              
                                                  
l.28 ...� работе & Обнаружено со
                                                  держание.\newline�...

You may provide a definition with
\DeclareUnicodeCharacter 


C:/Users/yekat/Documents/uni/aa/lab7/report/tech_part.tex:28: LaTeX Error: Unic
ode character д (U+0434)
               not set up for use with LaTeX.

See the LaTeX manual or LaTeX Companion for explanation.
Type  H <return>  for immediate help.
 ...                                              
                                                  
l.28 ...работе & Обнаружено сод
                                                  ержание.\newlineО�...

You may provide a definition with
\DeclareUnicodeCharacter 


C:/Users/yekat/Documents/uni/aa/lab7/report/tech_part.tex:28: LaTeX Error: Unic
ode character е (U+0435)
               not set up for use with LaTeX.

See the LaTeX manual or LaTeX Companion for explanation.
Type  H <return>  for immediate help.
 ...                                              
                                                  
l.28 ...аботе & Обнаружено соде
                                                  ржание.\newlineОг�...

You may provide a definition with
\DeclareUnicodeCharacter 


C:/Users/yekat/Documents/uni/aa/lab7/report/tech_part.tex:28: LaTeX Error: Unic
ode character р (U+0440)
               not set up for use with LaTeX.

See the LaTeX manual or LaTeX Companion for explanation.
Type  H <return>  for immediate help.
 ...                                              
                                                  
l.28 ...боте & Обнаружено содер
                                                  жание.\newlineОгл�...

You may provide a definition with
\DeclareUnicodeCharacter 


C:/Users/yekat/Documents/uni/aa/lab7/report/tech_part.tex:28: LaTeX Error: Unic
ode character ж (U+0436)
               not set up for use with LaTeX.

See the LaTeX manual or LaTeX Companion for explanation.
Type  H <return>  for immediate help.
 ...                                              
                                                  
l.28 ...оте & Обнаружено содерж
                                                  ание.\newlineОгла�...

You may provide a definition with
\DeclareUnicodeCharacter 


C:/Users/yekat/Documents/uni/aa/lab7/report/tech_part.tex:28: LaTeX Error: Unic
ode character а (U+0430)
               not set up for use with LaTeX.

See the LaTeX manual or LaTeX Companion for explanation.
Type  H <return>  for immediate help.
 ...                                              
                                                  
l.28 ...те & Обнаружено содержа
                                                  ние.\newlineОглав�...

You may provide a definition with
\DeclareUnicodeCharacter 


C:/Users/yekat/Documents/uni/aa/lab7/report/tech_part.tex:28: LaTeX Error: Unic
ode character н (U+043D)
               not set up for use with LaTeX.

See the LaTeX manual or LaTeX Companion for explanation.
Type  H <return>  for immediate help.
 ...                                              
                                                  
l.28 ...е & Обнаружено содержан
                                                  ие.\newlineОглавл�...

You may provide a definition with
\DeclareUnicodeCharacter 


C:/Users/yekat/Documents/uni/aa/lab7/report/tech_part.tex:28: LaTeX Error: Unic
ode character и (U+0438)
               not set up for use with LaTeX.

See the LaTeX manual or LaTeX Companion for explanation.
Type  H <return>  for immediate help.
 ...                                              
                                                  
l.28 ... & Обнаружено содержани
                                                  е.\newlineОглавле�...

You may provide a definition with
\DeclareUnicodeCharacter 


C:/Users/yekat/Documents/uni/aa/lab7/report/tech_part.tex:28: LaTeX Error: Unic
ode character е (U+0435)
               not set up for use with LaTeX.

See the LaTeX manual or LaTeX Companion for explanation.
Type  H <return>  for immediate help.
 ...                                              
                                                  
l.28 ... Обнаружено содержание
                                                  .\newlineОглавлен�...

You may provide a definition with
\DeclareUnicodeCharacter 

Missing character: There is no . in font nullfont!

C:/Users/yekat/Documents/uni/aa/lab7/report/tech_part.tex:28: LaTeX Error: Unic
ode character О (U+041E)
               not set up for use with LaTeX.

See the LaTeX manual or LaTeX Companion for explanation.
Type  H <return>  for immediate help.
 ...                                              
                                                  
l.28 ...ужено содержание.\newlineО
                                                  главление не н...

You may provide a definition with
\DeclareUnicodeCharacter 


C:/Users/yekat/Documents/uni/aa/lab7/report/tech_part.tex:28: LaTeX Error: Unic
ode character г (U+0433)
               not set up for use with LaTeX.

See the LaTeX manual or LaTeX Companion for explanation.
Type  H <return>  for immediate help.
 ...                                              
                                                  
l.28 ...жено содержание.\newlineОг
                                                  лавление не на...

You may provide a definition with
\DeclareUnicodeCharacter 


C:/Users/yekat/Documents/uni/aa/lab7/report/tech_part.tex:28: LaTeX Error: Unic
ode character л (U+043B)
               not set up for use with LaTeX.

See the LaTeX manual or LaTeX Companion for explanation.
Type  H <return>  for immediate help.
 ...                                              
                                                  
l.28 ...ено содержание.\newlineОгл
                                                  авление не най...

You may provide a definition with
\DeclareUnicodeCharacter 


C:/Users/yekat/Documents/uni/aa/lab7/report/tech_part.tex:28: LaTeX Error: Unic
ode character а (U+0430)
               not set up for use with LaTeX.

See the LaTeX manual or LaTeX Companion for explanation.
Type  H <return>  for immediate help.
 ...                                              
                                                  
l.28 ...но содержание.\newlineОгла
                                                  вление не найд...

You may provide a definition with
\DeclareUnicodeCharacter 


C:/Users/yekat/Documents/uni/aa/lab7/report/tech_part.tex:28: LaTeX Error: Unic
ode character в (U+0432)
               not set up for use with LaTeX.

See the LaTeX manual or LaTeX Companion for explanation.
Type  H <return>  for immediate help.
 ...                                              
                                                  
l.28 ...о содержание.\newlineОглав
                                                  ление не найде...

You may provide a definition with
\DeclareUnicodeCharacter 


C:/Users/yekat/Documents/uni/aa/lab7/report/tech_part.tex:28: LaTeX Error: Unic
ode character л (U+043B)
               not set up for use with LaTeX.

See the LaTeX manual or LaTeX Companion for explanation.
Type  H <return>  for immediate help.
 ...                                              
                                                  
l.28 ... содержание.\newlineОглавл
                                                  ение не найден...

You may provide a definition with
\DeclareUnicodeCharacter 


C:/Users/yekat/Documents/uni/aa/lab7/report/tech_part.tex:28: LaTeX Error: Unic
ode character е (U+0435)
               not set up for use with LaTeX.

See the LaTeX manual or LaTeX Companion for explanation.
Type  H <return>  for immediate help.
 ...                                              
                                                  
l.28 ...�одержание.\newlineОглавле
                                                  ние не найдено...

You may provide a definition with
\DeclareUnicodeCharacter 


C:/Users/yekat/Documents/uni/aa/lab7/report/tech_part.tex:28: LaTeX Error: Unic
ode character н (U+043D)
               not set up for use with LaTeX.

See the LaTeX manual or LaTeX Companion for explanation.
Type  H <return>  for immediate help.
 ...                                              
                                                  
l.28 ...�держание.\newlineОглавлен
                                                  ие не найдено. ...

You may provide a definition with
\DeclareUnicodeCharacter 


C:/Users/yekat/Documents/uni/aa/lab7/report/tech_part.tex:28: LaTeX Error: Unic
ode character и (U+0438)
               not set up for use with LaTeX.

See the LaTeX manual or LaTeX Companion for explanation.
Type  H <return>  for immediate help.
 ...                                              
                                                  
l.28 ...�ержание.\newlineОглавлени
                                                  е не найдено. \\...

You may provide a definition with
\DeclareUnicodeCharacter 


C:/Users/yekat/Documents/uni/aa/lab7/report/tech_part.tex:28: LaTeX Error: Unic
ode character е (U+0435)
               not set up for use with LaTeX.

See the LaTeX manual or LaTeX Companion for explanation.
Type  H <return>  for immediate help.
 ...                                              
                                                  
l.28 ...�ржание.\newlineОглавление
                                                   не найдено. \\\h...

You may provide a definition with
\DeclareUnicodeCharacter 


C:/Users/yekat/Documents/uni/aa/lab7/report/tech_part.tex:28: LaTeX Error: Unic
ode character н (U+043D)
               not set up for use with LaTeX.

See the LaTeX manual or LaTeX Companion for explanation.
Type  H <return>  for immediate help.
 ...                                              
                                                  
l.28 ...жание.\newlineОглавление н
                                                  е найдено. \\\hline
You may provide a definition with
\DeclareUnicodeCharacter 


C:/Users/yekat/Documents/uni/aa/lab7/report/tech_part.tex:28: LaTeX Error: Unic
ode character е (U+0435)
               not set up for use with LaTeX.

See the LaTeX manual or LaTeX Companion for explanation.
Type  H <return>  for immediate help.
 ...                                              
                                                  
l.28 ...ание.\newlineОглавление не
                                                   найдено. \\\hline
You may provide a definition with
\DeclareUnicodeCharacter 


C:/Users/yekat/Documents/uni/aa/lab7/report/tech_part.tex:28: LaTeX Error: Unic
ode character н (U+043D)
               not set up for use with LaTeX.

See the LaTeX manual or LaTeX Companion for explanation.
Type  H <return>  for immediate help.
 ...                                              
                                                  
l.28 ...�ие.\newlineОглавление не н
                                                  айдено. \\\hline
You may provide a definition with
\DeclareUnicodeCharacter 


C:/Users/yekat/Documents/uni/aa/lab7/report/tech_part.tex:28: LaTeX Error: Unic
ode character а (U+0430)
               not set up for use with LaTeX.

See the LaTeX manual or LaTeX Companion for explanation.
Type  H <return>  for immediate help.
 ...                                              
                                                  
l.28 ...�е.\newlineОглавление не на
                                                  йдено. \\\hline
You may provide a definition with
\DeclareUnicodeCharacter 


C:/Users/yekat/Documents/uni/aa/lab7/report/tech_part.tex:28: LaTeX Error: Unic
ode character й (U+0439)
               not set up for use with LaTeX.

See the LaTeX manual or LaTeX Companion for explanation.
Type  H <return>  for immediate help.
 ...                                              
                                                  
l.28 ...�.\newlineОглавление не най
                                                  дено. \\\hline
You may provide a definition with
\DeclareUnicodeCharacter 


C:/Users/yekat/Documents/uni/aa/lab7/report/tech_part.tex:28: LaTeX Error: Unic
ode character д (U+0434)
               not set up for use with LaTeX.

See the LaTeX manual or LaTeX Companion for explanation.
Type  H <return>  for immediate help.
 ...                                              
                                                  
l.28 ...\newlineОглавление не найд
                                                  ено. \\\hline
You may provide a definition with
\DeclareUnicodeCharacter 


C:/Users/yekat/Documents/uni/aa/lab7/report/tech_part.tex:28: LaTeX Error: Unic
ode character е (U+0435)
               not set up for use with LaTeX.

See the LaTeX manual or LaTeX Companion for explanation.
Type  H <return>  for immediate help.
 ...                                              
                                                  
l.28 ...ewlineОглавление не найде
                                                  но. \\\hline
You may provide a definition with
\DeclareUnicodeCharacter 


C:/Users/yekat/Documents/uni/aa/lab7/report/tech_part.tex:28: LaTeX Error: Unic
ode character н (U+043D)
               not set up for use with LaTeX.

See the LaTeX manual or LaTeX Companion for explanation.
Type  H <return>  for immediate help.
 ...                                              
                                                  
l.28 ...lineОглавление не найден
                                                  о. \\\hline
You may provide a definition with
\DeclareUnicodeCharacter 


C:/Users/yekat/Documents/uni/aa/lab7/report/tech_part.tex:28: LaTeX Error: Unic
ode character о (U+043E)
               not set up for use with LaTeX.

See the LaTeX manual or LaTeX Companion for explanation.
Type  H <return>  for immediate help.
 ...                                              
                                                  
l.28 ...neОглавление не найдено
                                                  . \\\hline
You may provide a definition with
\DeclareUnicodeCharacter 

Missing character: There is no . in font nullfont!
C:/Users/yekat/Documents/uni/aa/lab7/report/tech_part.tex:28: Misplaced \noalig
n.
\hline ->\noalign 
                  {\ifnum 0=`}\fi \hrule \@height \arrayrulewidth \futurelet...
l.28 ...вление не найдено. \\\hline
                                                  
I expect to see \noalign only after the \cr of
an alignment. Proceed, and I'll ignore this case.


C:/Users/yekat/Documents/uni/aa/lab7/report/tech_part.tex:29: LaTeX Error: \beg
in{document} ended by \end{tabularx}.

See the LaTeX manual or LaTeX Companion for explanation.
Type  H <return>  for immediate help.
 ...                                              
                                                  
l.29 	\end{tabularx}
                    
Your command was ignored.
Type  I <command> <return>  to replace it with another command,
or  <return>  to continue without it.


C:/Users/yekat/Documents/uni/aa/lab7/report/tech_part.tex:30: LaTeX Error: \beg
in{document} ended by \end{table}.

See the LaTeX manual or LaTeX Companion for explanation.
Type  H <return>  for immediate help.
 ...                                              
                                                  
l.30 \end{table}
                
Your command was ignored.
Type  I <command> <return>  to replace it with another command,
or  <return>  to continue without it.

C:/Users/yekat/Documents/uni/aa/lab7/report/tech_part.tex:32: Undefined control
 sequence.
l.32 \section
             *{Вывод}
The control sequence at the end of the top line
of your error message was never \def'ed. If you have
misspelled it (e.g., `\hobx'), type `I' and the correct
spelling (e.g., `I\hbox'). Otherwise just continue,
and I'll forget about whatever was undefined.


C:/Users/yekat/Documents/uni/aa/lab7/report/tech_part.tex:32: LaTeX Error: Miss
ing \begin{document}.

See the LaTeX manual or LaTeX Companion for explanation.
Type  H <return>  for immediate help.
 ...                                              
                                                  
l.32 \section*
              {Вывод}
You're in trouble here.  Try typing  <return>  to proceed.
If that doesn't work, type  X <return>  to quit.

Missing character: There is no * in font nullfont!

C:/Users/yekat/Documents/uni/aa/lab7/report/tech_part.tex:32: LaTeX Error: Unic
ode character В (U+0412)
               not set up for use with LaTeX.

See the LaTeX manual or LaTeX Companion for explanation.
Type  H <return>  for immediate help.
 ...                                              
                                                  
l.32 \section*{В
                 ывод}
You may provide a definition with
\DeclareUnicodeCharacter 


C:/Users/yekat/Documents/uni/aa/lab7/report/tech_part.tex:32: LaTeX Error: Unic
ode character ы (U+044B)
               not set up for use with LaTeX.

See the LaTeX manual or LaTeX Companion for explanation.
Type  H <return>  for immediate help.
 ...                                              
                                                  
l.32 \section*{Вы
                   вод}
You may provide a definition with
\DeclareUnicodeCharacter 


C:/Users/yekat/Documents/uni/aa/lab7/report/tech_part.tex:32: LaTeX Error: Unic
ode character в (U+0432)
               not set up for use with LaTeX.

See the LaTeX manual or LaTeX Companion for explanation.
Type  H <return>  for immediate help.
 ...                                              
                                                  
l.32 \section*{Выв
                     од}
You may provide a definition with
\DeclareUnicodeCharacter 


C:/Users/yekat/Documents/uni/aa/lab7/report/tech_part.tex:32: LaTeX Error: Unic
ode character о (U+043E)
               not set up for use with LaTeX.

See the LaTeX manual or LaTeX Companion for explanation.
Type  H <return>  for immediate help.
 ...                                              
                                                  
l.32 \section*{Выво
                       д}
You may provide a definition with
\DeclareUnicodeCharacter 


C:/Users/yekat/Documents/uni/aa/lab7/report/tech_part.tex:32: LaTeX Error: Unic
ode character д (U+0434)
               not set up for use with LaTeX.

See the LaTeX manual or LaTeX Companion for explanation.
Type  H <return>  for immediate help.
 ...                                              
                                                  
l.32 \section*{Вывод
                         }
You may provide a definition with
\DeclareUnicodeCharacter 


Overfull \hbox (20.0pt too wide) in paragraph at lines 32--34
[] 
 []


C:/Users/yekat/Documents/uni/aa/lab7/report/tech_part.tex:35: LaTeX Error: Unic
ode character В (U+0412)
               not set up for use with LaTeX.

See the LaTeX manual or LaTeX Companion for explanation.
Type  H <return>  for immediate help.
 ...                                              
                                                  
l.35 В
        данном разделе мной были реализованы...

You may provide a definition with
\DeclareUnicodeCharacter 


C:/Users/yekat/Documents/uni/aa/lab7/report/tech_part.tex:35: LaTeX Error: Unic
ode character д (U+0434)
               not set up for use with LaTeX.

See the LaTeX manual or LaTeX Companion for explanation.
Type  H <return>  for immediate help.
 ...                                              
                                                  
l.35 В д
          анном разделе мной были реализованы...

You may provide a definition with
\DeclareUnicodeCharacter 


C:/Users/yekat/Documents/uni/aa/lab7/report/tech_part.tex:35: LaTeX Error: Unic
ode character а (U+0430)
               not set up for use with LaTeX.

See the LaTeX manual or LaTeX Companion for explanation.
Type  H <return>  for immediate help.
 ...                                              
                                                  
l.35 В да
            нном разделе мной были реализованы...

You may provide a definition with
\DeclareUnicodeCharacter 


C:/Users/yekat/Documents/uni/aa/lab7/report/tech_part.tex:35: LaTeX Error: Unic
ode character н (U+043D)
               not set up for use with LaTeX.

See the LaTeX manual or LaTeX Companion for explanation.
Type  H <return>  for immediate help.
 ...                                              
                                                  
l.35 В дан
              ном разделе мной были реализованы...

You may provide a definition with
\DeclareUnicodeCharacter 


C:/Users/yekat/Documents/uni/aa/lab7/report/tech_part.tex:35: LaTeX Error: Unic
ode character н (U+043D)
               not set up for use with LaTeX.

See the LaTeX manual or LaTeX Companion for explanation.
Type  H <return>  for immediate help.
 ...                                              
                                                  
l.35 В данн
                ом разделе мной были реализованы...

You may provide a definition with
\DeclareUnicodeCharacter 


C:/Users/yekat/Documents/uni/aa/lab7/report/tech_part.tex:35: LaTeX Error: Unic
ode character о (U+043E)
               not set up for use with LaTeX.

See the LaTeX manual or LaTeX Companion for explanation.
Type  H <return>  for immediate help.
 ...                                              
                                                  
l.35 В данно
                  м разделе мной были реализованы...

You may provide a definition with
\DeclareUnicodeCharacter 


C:/Users/yekat/Documents/uni/aa/lab7/report/tech_part.tex:35: LaTeX Error: Unic
ode character м (U+043C)
               not set up for use with LaTeX.

See the LaTeX manual or LaTeX Companion for explanation.
Type  H <return>  for immediate help.
 ...                                              
                                                  
l.35 В данном
                     разделе мной были реализованы...

You may provide a definition with
\DeclareUnicodeCharacter 


C:/Users/yekat/Documents/uni/aa/lab7/report/tech_part.tex:35: LaTeX Error: Unic
ode character р (U+0440)
               not set up for use with LaTeX.

See the LaTeX manual or LaTeX Companion for explanation.
Type  H <return>  for immediate help.
 ...                                              
                                                  
l.35 В данном р
                       азделе мной были реализованы...

You may provide a definition with
\DeclareUnicodeCharacter 


C:/Users/yekat/Documents/uni/aa/lab7/report/tech_part.tex:35: LaTeX Error: Unic
ode character а (U+0430)
               not set up for use with LaTeX.

See the LaTeX manual or LaTeX Companion for explanation.
Type  H <return>  for immediate help.
 ...                                              
                                                  
l.35 В данном ра
                         зделе мной были реализованы...

You may provide a definition with
\DeclareUnicodeCharacter 


C:/Users/yekat/Documents/uni/aa/lab7/report/tech_part.tex:35: LaTeX Error: Unic
ode character з (U+0437)
               not set up for use with LaTeX.

See the LaTeX manual or LaTeX Companion for explanation.
Type  H <return>  for immediate help.
 ...                                              
                                                  
l.35 В данном раз
                           деле мной были реализованы...

You may provide a definition with
\DeclareUnicodeCharacter 


C:/Users/yekat/Documents/uni/aa/lab7/report/tech_part.tex:35: LaTeX Error: Unic
ode character д (U+0434)
               not set up for use with LaTeX.

See the LaTeX manual or LaTeX Companion for explanation.
Type  H <return>  for immediate help.
 ...                                              
                                                  
l.35 В данном разд
                             еле мной были реализованы...

You may provide a definition with
\DeclareUnicodeCharacter 


C:/Users/yekat/Documents/uni/aa/lab7/report/tech_part.tex:35: LaTeX Error: Unic
ode character е (U+0435)
               not set up for use with LaTeX.

See the LaTeX manual or LaTeX Companion for explanation.
Type  H <return>  for immediate help.
 ...                                              
                                                  
l.35 В данном разде
                               ле мной были реализованы...

You may provide a definition with
\DeclareUnicodeCharacter 


C:/Users/yekat/Documents/uni/aa/lab7/report/tech_part.tex:35: LaTeX Error: Unic
ode character л (U+043B)
               not set up for use with LaTeX.

See the LaTeX manual or LaTeX Companion for explanation.
Type  H <return>  for immediate help.
 ...                                              
                                                  
l.35 В данном раздел
                                 е мной были реализованы...

You may provide a definition with
\DeclareUnicodeCharacter 


C:/Users/yekat/Documents/uni/aa/lab7/report/tech_part.tex:35: LaTeX Error: Unic
ode character е (U+0435)
               not set up for use with LaTeX.

See the LaTeX manual or LaTeX Companion for explanation.
Type  H <return>  for immediate help.
 ...                                              
                                                  
l.35 В данном разделе
                                    мной были реализованы...

You may provide a definition with
\DeclareUnicodeCharacter 


C:/Users/yekat/Documents/uni/aa/lab7/report/tech_part.tex:35: LaTeX Error: Unic
ode character м (U+043C)
               not set up for use with LaTeX.

See the LaTeX manual or LaTeX Companion for explanation.
Type  H <return>  for immediate help.
 ...                                              
                                                  
l.35 В данном разделе м
                                      ной были реализованы...

You may provide a definition with
\DeclareUnicodeCharacter 


C:/Users/yekat/Documents/uni/aa/lab7/report/tech_part.tex:35: LaTeX Error: Unic
ode character н (U+043D)
               not set up for use with LaTeX.

See the LaTeX manual or LaTeX Companion for explanation.
Type  H <return>  for immediate help.
 ...                                              
                                                  
l.35 В данном разделе мн
                                        ой были реализованы...

You may provide a definition with
\DeclareUnicodeCharacter 


C:/Users/yekat/Documents/uni/aa/lab7/report/tech_part.tex:35: LaTeX Error: Unic
ode character о (U+043E)
               not set up for use with LaTeX.

See the LaTeX manual or LaTeX Companion for explanation.
Type  H <return>  for immediate help.
 ...                                              
                                                  
l.35 В данном разделе мно
                                          й были реализованы...

You may provide a definition with
\DeclareUnicodeCharacter 


C:/Users/yekat/Documents/uni/aa/lab7/report/tech_part.tex:35: LaTeX Error: Unic
ode character й (U+0439)
               not set up for use with LaTeX.

See the LaTeX manual or LaTeX Companion for explanation.
Type  H <return>  for immediate help.
 ...                                              
                                                  
l.35 В данном разделе мной
                                             были реализованы...

You may provide a definition with
\DeclareUnicodeCharacter 


C:/Users/yekat/Documents/uni/aa/lab7/report/tech_part.tex:35: LaTeX Error: Unic
ode character б (U+0431)
               not set up for use with LaTeX.

See the LaTeX manual or LaTeX Companion for explanation.
Type  H <return>  for immediate help.
 ...                                              
                                                  
l.35 В данном разделе мной б
                                               ыли реализованы...

You may provide a definition with
\DeclareUnicodeCharacter 


C:/Users/yekat/Documents/uni/aa/lab7/report/tech_part.tex:35: LaTeX Error: Unic
ode character ы (U+044B)
               not set up for use with LaTeX.

See the LaTeX manual or LaTeX Companion for explanation.
Type  H <return>  for immediate help.
 ...                                              
                                                  
l.35 В данном разделе мной бы
                                                 ли реализованы...

You may provide a definition with
\DeclareUnicodeCharacter 


C:/Users/yekat/Documents/uni/aa/lab7/report/tech_part.tex:35: LaTeX Error: Unic
ode character л (U+043B)
               not set up for use with LaTeX.

See the LaTeX manual or LaTeX Companion for explanation.
Type  H <return>  for immediate help.
 ...                                              
                                                  
l.35 ...�анном разделе мной был
                                                  и реализованы ...

You may provide a definition with
\DeclareUnicodeCharacter 


C:/Users/yekat/Documents/uni/aa/lab7/report/tech_part.tex:35: LaTeX Error: Unic
ode character и (U+0438)
               not set up for use with LaTeX.

See the LaTeX manual or LaTeX Companion for explanation.
Type  H <return>  for immediate help.
 ...                                              
                                                  
l.35 ...�нном разделе мной были
                                                   реализованы и...

You may provide a definition with
\DeclareUnicodeCharacter 


C:/Users/yekat/Documents/uni/aa/lab7/report/tech_part.tex:35: LaTeX Error: Unic
ode character р (U+0440)
               not set up for use with LaTeX.

See the LaTeX manual or LaTeX Companion for explanation.
Type  H <return>  for immediate help.
 ...                                              
                                                  
l.35 ...ном разделе мной были р
                                                  еализованы и п...

You may provide a definition with
\DeclareUnicodeCharacter 


C:/Users/yekat/Documents/uni/aa/lab7/report/tech_part.tex:35: LaTeX Error: Unic
ode character е (U+0435)
               not set up for use with LaTeX.

See the LaTeX manual or LaTeX Companion for explanation.
Type  H <return>  for immediate help.
 ...                                              
                                                  
l.35 ...ом разделе мной были ре
                                                  ализованы и пр...

You may provide a definition with
\DeclareUnicodeCharacter 


C:/Users/yekat/Documents/uni/aa/lab7/report/tech_part.tex:35: LaTeX Error: Unic
ode character а (U+0430)
               not set up for use with LaTeX.

See the LaTeX manual or LaTeX Companion for explanation.
Type  H <return>  for immediate help.
 ...                                              
                                                  
l.35 ...м разделе мной были реа
                                                  лизованы и про...

You may provide a definition with
\DeclareUnicodeCharacter 


C:/Users/yekat/Documents/uni/aa/lab7/report/tech_part.tex:35: LaTeX Error: Unic
ode character л (U+043B)
               not set up for use with LaTeX.

See the LaTeX manual or LaTeX Companion for explanation.
Type  H <return>  for immediate help.
 ...                                              
                                                  
l.35 ... разделе мной были реал
                                                  изованы и пров...

You may provide a definition with
\DeclareUnicodeCharacter 


C:/Users/yekat/Documents/uni/aa/lab7/report/tech_part.tex:35: LaTeX Error: Unic
ode character и (U+0438)
               not set up for use with LaTeX.

See the LaTeX manual or LaTeX Companion for explanation.
Type  H <return>  for immediate help.
 ...                                              
                                                  
l.35 ...�азделе мной были реали
                                                  зованы и прове...

You may provide a definition with
\DeclareUnicodeCharacter 


C:/Users/yekat/Documents/uni/aa/lab7/report/tech_part.tex:35: LaTeX Error: Unic
ode character з (U+0437)
               not set up for use with LaTeX.

See the LaTeX manual or LaTeX Companion for explanation.
Type  H <return>  for immediate help.
 ...                                              
                                                  
l.35 ...�зделе мной были реализ
                                                  ованы и провед...

You may provide a definition with
\DeclareUnicodeCharacter 


C:/Users/yekat/Documents/uni/aa/lab7/report/tech_part.tex:35: LaTeX Error: Unic
ode character о (U+043E)
               not set up for use with LaTeX.

See the LaTeX manual or LaTeX Companion for explanation.
Type  H <return>  for immediate help.
 ...                                              
                                                  
l.35 ...�деле мной были реализо
                                                  ваны и проведе...

You may provide a definition with
\DeclareUnicodeCharacter 


C:/Users/yekat/Documents/uni/aa/lab7/report/tech_part.tex:35: LaTeX Error: Unic
ode character в (U+0432)
               not set up for use with LaTeX.

See the LaTeX manual or LaTeX Companion for explanation.
Type  H <return>  for immediate help.
 ...                                              
                                                  
l.35 ...�еле мной были реализов
                                                  аны и проведен...

You may provide a definition with
\DeclareUnicodeCharacter 


C:/Users/yekat/Documents/uni/aa/lab7/report/tech_part.tex:35: LaTeX Error: Unic
ode character а (U+0430)
               not set up for use with LaTeX.

See the LaTeX manual or LaTeX Companion for explanation.
Type  H <return>  for immediate help.
 ...                                              
                                                  
l.35 ...�ле мной были реализова
                                                  ны и проведено...

You may provide a definition with
\DeclareUnicodeCharacter 


C:/Users/yekat/Documents/uni/aa/lab7/report/tech_part.tex:35: LaTeX Error: Unic
ode character н (U+043D)
               not set up for use with LaTeX.

See the LaTeX manual or LaTeX Companion for explanation.
Type  H <return>  for immediate help.
 ...                                              
                                                  
l.35 ...�е мной были реализован
                                                  ы и проведено �...

You may provide a definition with
\DeclareUnicodeCharacter 


C:/Users/yekat/Documents/uni/aa/lab7/report/tech_part.tex:35: LaTeX Error: Unic
ode character ы (U+044B)
               not set up for use with LaTeX.

See the LaTeX manual or LaTeX Companion for explanation.
Type  H <return>  for immediate help.
 ...                                              
                                                  
l.35 ...� мной были реализованы
                                                   и проведено и�...

You may provide a definition with
\DeclareUnicodeCharacter 


C:/Users/yekat/Documents/uni/aa/lab7/report/tech_part.tex:35: LaTeX Error: Unic
ode character и (U+0438)
               not set up for use with LaTeX.

See the LaTeX manual or LaTeX Companion for explanation.
Type  H <return>  for immediate help.
 ...                                              
                                                  
l.35 ...�ной были реализованы и
                                                   проведено их �...

You may provide a definition with
\DeclareUnicodeCharacter 


C:/Users/yekat/Documents/uni/aa/lab7/report/tech_part.tex:35: LaTeX Error: Unic
ode character п (U+043F)
               not set up for use with LaTeX.

See the LaTeX manual or LaTeX Companion for explanation.
Type  H <return>  for immediate help.
 ...                                              
                                                  
l.35 ...ой были реализованы и п
                                                  роведено их ус...

You may provide a definition with
\DeclareUnicodeCharacter 


C:/Users/yekat/Documents/uni/aa/lab7/report/tech_part.tex:35: LaTeX Error: Unic
ode character р (U+0440)
               not set up for use with LaTeX.

See the LaTeX manual or LaTeX Companion for explanation.
Type  H <return>  for immediate help.
 ...                                              
                                                  
l.35 ...й были реализованы и пр
                                                  оведено их усп...

You may provide a definition with
\DeclareUnicodeCharacter 


C:/Users/yekat/Documents/uni/aa/lab7/report/tech_part.tex:35: LaTeX Error: Unic
ode character о (U+043E)
               not set up for use with LaTeX.

See the LaTeX manual or LaTeX Companion for explanation.
Type  H <return>  for immediate help.
 ...                                              
                                                  
l.35 ... были реализованы и про
                                                  ведено их успе...

You may provide a definition with
\DeclareUnicodeCharacter 


C:/Users/yekat/Documents/uni/aa/lab7/report/tech_part.tex:35: LaTeX Error: Unic
ode character в (U+0432)
               not set up for use with LaTeX.

See the LaTeX manual or LaTeX Companion for explanation.
Type  H <return>  for immediate help.
 ...                                              
                                                  
l.35 ...�ыли реализованы и пров
                                                  едено их успеш...

You may provide a definition with
\DeclareUnicodeCharacter 


C:/Users/yekat/Documents/uni/aa/lab7/report/tech_part.tex:35: LaTeX Error: Unic
ode character е (U+0435)
               not set up for use with LaTeX.

See the LaTeX manual or LaTeX Companion for explanation.
Type  H <return>  for immediate help.
 ...                                              
                                                  
l.35 ...�ли реализованы и прове
                                                  дено их успешн...

You may provide a definition with
\DeclareUnicodeCharacter 


C:/Users/yekat/Documents/uni/aa/lab7/report/tech_part.tex:35: LaTeX Error: Unic
ode character д (U+0434)
               not set up for use with LaTeX.

See the LaTeX manual or LaTeX Companion for explanation.
Type  H <return>  for immediate help.
 ...                                              
                                                  
l.35 ...�и реализованы и провед
                                                  ено их успешно...

You may provide a definition with
\DeclareUnicodeCharacter 


C:/Users/yekat/Documents/uni/aa/lab7/report/tech_part.tex:35: LaTeX Error: Unic
ode character е (U+0435)
               not set up for use with LaTeX.

See the LaTeX manual or LaTeX Companion for explanation.
Type  H <return>  for immediate help.
 ...                                              
                                                  
l.35 ...� реализованы и проведе
                                                  но их успешное...

You may provide a definition with
\DeclareUnicodeCharacter 


C:/Users/yekat/Documents/uni/aa/lab7/report/tech_part.tex:35: LaTeX Error: Unic
ode character н (U+043D)
               not set up for use with LaTeX.

See the LaTeX manual or LaTeX Companion for explanation.
Type  H <return>  for immediate help.
 ...                                              
                                                  
l.35 ...реализованы и проведен
                                                  о их успешное �...

You may provide a definition with
\DeclareUnicodeCharacter 


C:/Users/yekat/Documents/uni/aa/lab7/report/tech_part.tex:35: LaTeX Error: Unic
ode character о (U+043E)
               not set up for use with LaTeX.

See the LaTeX manual or LaTeX Companion for explanation.
Type  H <return>  for immediate help.
 ...                                              
                                                  
l.35 ...еализованы и проведено
                                                   их успешное т�...

You may provide a definition with
\DeclareUnicodeCharacter 


C:/Users/yekat/Documents/uni/aa/lab7/report/tech_part.tex:35: LaTeX Error: Unic
ode character и (U+0438)
               not set up for use with LaTeX.

See the LaTeX manual or LaTeX Companion for explanation.
Type  H <return>  for immediate help.
 ...                                              
                                                  
l.35 ...�лизованы и проведено и
                                                  х успешное тес...

You may provide a definition with
\DeclareUnicodeCharacter 


C:/Users/yekat/Documents/uni/aa/lab7/report/tech_part.tex:35: LaTeX Error: Unic
ode character х (U+0445)
               not set up for use with LaTeX.

See the LaTeX manual or LaTeX Companion for explanation.
Type  H <return>  for immediate help.
 ...                                              
                                                  
l.35 ...�изованы и проведено их
                                                   успешное тест...

You may provide a definition with
\DeclareUnicodeCharacter 


C:/Users/yekat/Documents/uni/aa/lab7/report/tech_part.tex:35: LaTeX Error: Unic
ode character у (U+0443)
               not set up for use with LaTeX.

See the LaTeX manual or LaTeX Companion for explanation.
Type  H <return>  for immediate help.
 ...                                              
                                                  
l.35 ...зованы и проведено их у
                                                  спешное тести�...

You may provide a definition with
\DeclareUnicodeCharacter 


C:/Users/yekat/Documents/uni/aa/lab7/report/tech_part.tex:35: LaTeX Error: Unic
ode character с (U+0441)
               not set up for use with LaTeX.

See the LaTeX manual or LaTeX Companion for explanation.
Type  H <return>  for immediate help.
 ...                                              
                                                  
l.35 ...ованы и проведено их ус
                                                  пешное тестир�...

You may provide a definition with
\DeclareUnicodeCharacter 


C:/Users/yekat/Documents/uni/aa/lab7/report/tech_part.tex:35: LaTeX Error: Unic
ode character п (U+043F)
               not set up for use with LaTeX.

See the LaTeX manual or LaTeX Companion for explanation.
Type  H <return>  for immediate help.
 ...                                              
                                                  
l.35 ...ваны и проведено их усп
                                                  ешное тестиро�...

You may provide a definition with
\DeclareUnicodeCharacter 


C:/Users/yekat/Documents/uni/aa/lab7/report/tech_part.tex:35: LaTeX Error: Unic
ode character е (U+0435)
               not set up for use with LaTeX.

See the LaTeX manual or LaTeX Companion for explanation.
Type  H <return>  for immediate help.
 ...                                              
                                                  
l.35 ...аны и проведено их успе
                                                  шное тестиров�...

You may provide a definition with
\DeclareUnicodeCharacter 


C:/Users/yekat/Documents/uni/aa/lab7/report/tech_part.tex:35: LaTeX Error: Unic
ode character ш (U+0448)
               not set up for use with LaTeX.

See the LaTeX manual or LaTeX Companion for explanation.
Type  H <return>  for immediate help.
 ...                                              
                                                  
l.35 ...ны и проведено их успеш
                                                  ное тестирова�...

You may provide a definition with
\DeclareUnicodeCharacter 


C:/Users/yekat/Documents/uni/aa/lab7/report/tech_part.tex:35: LaTeX Error: Unic
ode character н (U+043D)
               not set up for use with LaTeX.

See the LaTeX manual or LaTeX Companion for explanation.
Type  H <return>  for immediate help.
 ...                                              
                                                  
l.35 ...ы и проведено их успешн
                                                  ое тестирован�...

You may provide a definition with
\DeclareUnicodeCharacter 


C:/Users/yekat/Documents/uni/aa/lab7/report/tech_part.tex:35: LaTeX Error: Unic
ode character о (U+043E)
               not set up for use with LaTeX.

See the LaTeX manual or LaTeX Companion for explanation.
Type  H <return>  for immediate help.
 ...                                              
                                                  
l.35 ... и проведено их успешно
                                                  е тестирование.
You may provide a definition with
\DeclareUnicodeCharacter 


C:/Users/yekat/Documents/uni/aa/lab7/report/tech_part.tex:35: LaTeX Error: Unic
ode character е (U+0435)
               not set up for use with LaTeX.

See the LaTeX manual or LaTeX Companion for explanation.
Type  H <return>  for immediate help.
 ...                                              
                                                  
l.35 ...� проведено их успешное
                                                   тестирование.
You may provide a definition with
\DeclareUnicodeCharacter 


C:/Users/yekat/Documents/uni/aa/lab7/report/tech_part.tex:35: LaTeX Error: Unic
ode character т (U+0442)
               not set up for use with LaTeX.

See the LaTeX manual or LaTeX Companion for explanation.
Type  H <return>  for immediate help.
 ...                                              
                                                  
l.35 ...�роведено их успешное т
                                                  естирование.
You may provide a definition with
\DeclareUnicodeCharacter 


C:/Users/yekat/Documents/uni/aa/lab7/report/tech_part.tex:35: LaTeX Error: Unic
ode character е (U+0435)
               not set up for use with LaTeX.

See the LaTeX manual or LaTeX Companion for explanation.
Type  H <return>  for immediate help.
 ...                                              
                                                  
l.35 ...�оведено их успешное те
                                                  стирование.
You may provide a definition with
\DeclareUnicodeCharacter 


C:/Users/yekat/Documents/uni/aa/lab7/report/tech_part.tex:35: LaTeX Error: Unic
ode character с (U+0441)
               not set up for use with LaTeX.

See the LaTeX manual or LaTeX Companion for explanation.
Type  H <return>  for immediate help.
 ...                                              
                                                  
l.35 ...�ведено их успешное тес
                                                  тирование.
You may provide a definition with
\DeclareUnicodeCharacter 


C:/Users/yekat/Documents/uni/aa/lab7/report/tech_part.tex:35: LaTeX Error: Unic
ode character т (U+0442)
               not set up for use with LaTeX.

See the LaTeX manual or LaTeX Companion for explanation.
Type  H <return>  for immediate help.
 ...                                              
                                                  
l.35 ...�едено их успешное тест
                                                  ирование.
You may provide a definition with
\DeclareUnicodeCharacter 


C:/Users/yekat/Documents/uni/aa/lab7/report/tech_part.tex:35: LaTeX Error: Unic
ode character и (U+0438)
               not set up for use with LaTeX.

See the LaTeX manual or LaTeX Companion for explanation.
Type  H <return>  for immediate help.
 ...                                              
                                                  
l.35 ...�дено их успешное тести
                                                  рование.
You may provide a definition with
\DeclareUnicodeCharacter 


C:/Users/yekat/Documents/uni/aa/lab7/report/tech_part.tex:35: LaTeX Error: Unic
ode character р (U+0440)
               not set up for use with LaTeX.

See the LaTeX manual or LaTeX Companion for explanation.
Type  H <return>  for immediate help.
 ...                                              
                                                  
l.35 ...�ено их успешное тестир
                                                  ование.
You may provide a definition with
\DeclareUnicodeCharacter 


C:/Users/yekat/Documents/uni/aa/lab7/report/tech_part.tex:35: LaTeX Error: Unic
ode character о (U+043E)
               not set up for use with LaTeX.

See the LaTeX manual or LaTeX Companion for explanation.
Type  H <return>  for immediate help.
 ...                                              
                                                  
l.35 ...�но их успешное тестиро
                                                  вание.
You may provide a definition with
\DeclareUnicodeCharacter 


C:/Users/yekat/Documents/uni/aa/lab7/report/tech_part.tex:35: LaTeX Error: Unic
ode character в (U+0432)
               not set up for use with LaTeX.

See the LaTeX manual or LaTeX Companion for explanation.
Type  H <return>  for immediate help.
 ...                                              
                                                  
l.35 ...�о их успешное тестиров
                                                  ание.
You may provide a definition with
\DeclareUnicodeCharacter 


C:/Users/yekat/Documents/uni/aa/lab7/report/tech_part.tex:35: LaTeX Error: Unic
ode character а (U+0430)
               not set up for use with LaTeX.

See the LaTeX manual or LaTeX Companion for explanation.
Type  H <return>  for immediate help.
 ...                                              
                                                  
l.35 ...� их успешное тестирова
                                                  ние.
You may provide a definition with
\DeclareUnicodeCharacter 


C:/Users/yekat/Documents/uni/aa/lab7/report/tech_part.tex:35: LaTeX Error: Unic
ode character н (U+043D)
               not set up for use with LaTeX.

See the LaTeX manual or LaTeX Companion for explanation.
Type  H <return>  for immediate help.
 ...                                              
                                                  
l.35 ...их успешное тестирован
                                                  ие.
You may provide a definition with
\DeclareUnicodeCharacter 


C:/Users/yekat/Documents/uni/aa/lab7/report/tech_part.tex:35: LaTeX Error: Unic
ode character и (U+0438)
               not set up for use with LaTeX.

See the LaTeX manual or LaTeX Companion for explanation.
Type  H <return>  for immediate help.
 ...                                              
                                                  
l.35 ...х успешное тестировани
                                                  е.
You may provide a definition with
\DeclareUnicodeCharacter 


C:/Users/yekat/Documents/uni/aa/lab7/report/tech_part.tex:35: LaTeX Error: Unic
ode character е (U+0435)
               not set up for use with LaTeX.

See the LaTeX manual or LaTeX Companion for explanation.
Type  H <return>  for immediate help.
 ...                                              
                                                  
l.35 ... успешное тестирование
                                                  .
You may provide a definition with
\DeclareUnicodeCharacter 


C:/Users/yekat/Documents/uni/aa/lab7/report/tech_part.tex:35: LaTeX Error: Miss
ing \begin{document}.

See the LaTeX manual or LaTeX Companion for explanation.
Type  H <return>  for immediate help.
 ...                                              
                                                  
l.35 ...успешное тестирование.
                                                  
You're in trouble here.  Try typing  <return>  to proceed.
If that doesn't work, type  X <return>  to quit.

Missing character: There is no . in font nullfont!

Overfull \hbox (20.0pt too wide) in paragraph at lines 35--36
[] 
 []




C:/Users/yekat/Documents/uni/aa/lab7/report/tech_part.tex:37: LaTeX Error: The 
font size command \normalsize is not defined:
               there is probably something wrong with the class file.

See the LaTeX manual or LaTeX Companion for explanation.
Type  H <return>  for immediate help.
 ...                                              
                                                  
l.37 \clearpage
               
Your command was ignored.
Type  I <command> <return>  to replace it with another command,
or  <return>  to continue without it.

[1])
! Emergency stop.
<*> .../Documents/uni/aa/lab7/report/tech_part.tex
                                                  
*** (job aborted, no legal \end found)

 
Here is how much of TeX's memory you used:
 67 strings out of 468080
 883 string characters out of 5425772
 435722 words of memory out of 5000000
 28834 multiletter control sequences out of 15000+600000
 628029 words of font info for 41 fonts, out of 8000000 for 9000
 1141 hyphenation exceptions out of 8191
 23i,5n,22p,305b,109s stack positions out of 10000i,1000n,20000p,200000b,200000s
!  ==> Fatal error occurred, no output PDF file produced!
